#
# A fatal error has been detected by the Java Runtime Environment:
#
#  EXCEPTION_ACCESS_VIOLATION (0xc0000005) at pc=0x00007ff94c2c0d31, pid=8988, tid=11824
#
# JRE version: OpenJDK Runtime Environment (17.0.7) (build 17.0.7+0-b2043.56-10550314)
# Java VM: OpenJDK 64-Bit Server VM (17.0.7+0-b2043.56-10550314, mixed mode, tiered, compressed oops, compressed class ptrs, g1 gc, windows-amd64)
# Problematic frame:
# V  [jvm.dll+0x1c0d31]
#
# No core dump will be written. Minidumps are not enabled by default on client versions of Windows
#
# If you would like to submit a bug report, please visit:
#   https://bugreport.java.com/bugreport/crash.jsp
#

---------------  S U M M A R Y ------------

Command Line: --add-opens=java.base/java.util=ALL-UNNAMED --add-opens=java.base/java.lang=ALL-UNNAMED --add-opens=java.base/java.lang.invoke=ALL-UNNAMED --add-opens=java.prefs/java.util.prefs=ALL-UNNAMED --add-opens=java.base/java.nio.charset=ALL-UNNAMED --add-opens=java.base/java.net=ALL-UNNAMED --add-opens=java.base/java.util.concurrent.atomic=ALL-UNNAMED -Xmx2048m -Dfile.encoding=UTF-8 -Duser.country=KR -Duser.language=ko -Duser.variant -javaagent:C:\Users\EUNSEOKIM\.gradle\wrapper\dists\gradle-8.2-bin\bbg7u40eoinfdyxsxr3z4i7ta\gradle-8.2\lib\agents\gradle-instrumentation-agent-8.2.jar org.gradle.launcher.daemon.bootstrap.GradleDaemon 8.2

Host: Intel(R) Core(TM) i5-7400 CPU @ 3.00GHz, 4 cores, 15G,  Windows 10 , 64 bit Build 19041 (10.0.19041.5915)
Time: Sat Nov 15 21:58:07 2025  Windows 10 , 64 bit Build 19041 (10.0.19041.5915) elapsed time: 20.030812 seconds (0d 0h 0m 20s)

---------------  T H R E A D  ---------------

Current thread (0x0000020a76097560):  JavaThread "C2 CompilerThread0" daemon [_thread_in_native, id=11824, stack(0x00000051fd800000,0x00000051fd900000)]


Current CompileTask:
C2:  20030 8835       4       org.gradle.cache.internal.btree.CachingBlockStore::read (56 bytes)

Stack: [0x00000051fd800000,0x00000051fd900000],  sp=0x00000051fd8fbbe0,  free space=1006k
Native frames: (J=compiled Java code, j=interpreted, Vv=VM code, C=native code)
V  [jvm.dll+0x1c0d31]
V  [jvm.dll+0x36a34b]
V  [jvm.dll+0x3698e2]
V  [jvm.dll+0x1bdcd1]
V  [jvm.dll+0x21d3a9]
V  [jvm.dll+0x21c671]
V  [jvm.dll+0x1a605d]
V  [jvm.dll+0x22c148]
V  [jvm.dll+0x22a209]
V  [jvm.dll+0x7f858c]
V  [jvm.dll+0x7f2aea]
V  [jvm.dll+0x682a35]
C  [ucrtbase.dll+0x21bb2]
C  [KERNEL32.DLL+0x17374]
C  [ntdll.dll+0x4cc91]


siginfo: EXCEPTION_ACCESS_VIOLATION (0xc0000005), writing address 0x00007ff94ca02320


Register to memory mapping:

RIP=0x00007ff94c2c0d31 jvm.dll
RAX=0x00007ff94c6a4500 jvm.dll
RBX=0x0000020a7c9994b0 points into unknown readable memory: 0x0000000100000008 | 08 00 00 00 01 00 00 00
RCX=0x00007ff94c6a4500 jvm.dll
RDX=0x0000000000020000 is an unknown value
RSP=0x00000051fd8fbbe0 is pointing into the stack for thread: 0x0000020a76097560
RBP=0x00000051fd8fbe00 is pointing into the stack for thread: 0x0000020a76097560
RSI=0x00000000000002d4 is an unknown value
RDI=0x0000000000000001 is an unknown value
R8 =0x00007ff94ca02318 jvm.dll
R9 =0x0000000000020100 is an unknown value
R10=0x0000000000000030 is an unknown value
R11=0x0 is NULL
R12=0x0000020a7a9d0558 points into unknown readable memory: 0x00007ff94ca2a760 | 60 a7 a2 4c f9 7f 00 00
R13=0x000000000000000c is an unknown value
R14=0x00000051fd8fc1a0 is pointing into the stack for thread: 0x0000020a76097560
R15=0x0 is NULL


Registers:
RAX=0x00007ff94c6a4500, RBX=0x0000020a7c9994b0, RCX=0x00007ff94c6a4500, RDX=0x0000000000020000
RSP=0x00000051fd8fbbe0, RBP=0x00000051fd8fbe00, RSI=0x00000000000002d4, RDI=0x0000000000000001
R8 =0x00007ff94ca02318, R9 =0x0000000000020100, R10=0x0000000000000030, R11=0x0000000000000000
R12=0x0000020a7a9d0558, R13=0x000000000000000c, R14=0x00000051fd8fc1a0, R15=0x0000000000000000
RIP=0x00007ff94c2c0d31, EFLAGS=0x0000000000010206

Top of Stack: (sp=0x00000051fd8fbbe0)
0x00000051fd8fbbe0:   0000020a7c9994b0 00000051fd8fbe00
0x00000051fd8fbbf0:   00007ff94cc92318 00000051fd8fbd40
0x00000051fd8fbc00:   0000020a7c9f3280 00007ff94c46a34b
0x00000051fd8fbc10:   0000020a7c9f8c90 0000020a7c9f8c90
0x00000051fd8fbc20:   0000000100000001 0000020a7b827800
0x00000051fd8fbc30:   0000000000020100 0000000200000251
0x00000051fd8fbc40:   0000000300000003 0000020a7bebc980
0x00000051fd8fbc50:   0000020a7c432f00 0000020a7c432ef0
0x00000051fd8fbc60:   00000000000002d4 00000051fd8fc1a0
0x00000051fd8fbc70:   0000020a7c432ef0 00007ff94c4698e2
0x00000051fd8fbc80:   0000020a7bbd8cf0 0000000000000000
0x00000051fd8fbc90:   0000000000000001 00007ff94cc92318
0x00000051fd8fbca0:   00007ff94cc90000 0000000000000000
0x00000051fd8fbcb0:   00000000001b9ec8 0000020a765c2f00
0x00000051fd8fbcc0:   0000020a765c8b08 00007ff94ca70d40
0x00000051fd8fbcd0:   0000000000000000 0000000000000000 

Instructions: (pc=0x00007ff94c2c0d31)
0x00007ff94c2c0c31:   9c 00 00 00 3b c1 89 83 98 00 00 00 79 11 81 8b
0x00007ff94c2c0c41:   a8 00 00 00 80 00 00 00 c7 43 30 2f 75 00 00 ff
0x00007ff94c2c0c51:   c7 c7 43 34 00 00 00 00 3b be e0 00 00 00 0f 82
0x00007ff94c2c0c61:   7b ff ff ff 48 81 c4 80 00 00 00 5f 5e 5b c3 49
0x00007ff94c2c0c71:   08 1c 00 db 08 1c 00 49 08 1c 00 49 08 1c 00 c6
0x00007ff94c2c0c81:   07 1c 00 49 08 1c 00 09 08 1c 00 09 08 1c 00 8d
0x00007ff94c2c0c91:   08 1c 00 49 08 1c 00 61 08 1c 00 77 08 1c 00 8d
0x00007ff94c2c0ca1:   08 1c 00 a3 08 1c 00 61 08 1c 00 49 08 1c 00 48
0x00007ff94c2c0cb1:   8b 41 58 48 63 48 10 48 8d 05 35 c4 97 00 48 c1
0x00007ff94c2c0cc1:   e1 05 8b 04 01 c3 cc cc cc cc cc cc cc cc cc 40
0x00007ff94c2c0cd1:   53 48 83 ec 20 48 8b d9 85 d2 75 08 32 c0 48 83
0x00007ff94c2c0ce1:   c4 20 5b c3 48 8b 43 08 8b ca 48 c1 e9 08 48 89
0x00007ff94c2c0cf1:   7c 24 30 8b fa 4c 8b 04 c8 48 8d 05 17 16 9d 00
0x00007ff94c2c0d01:   4c 3b c0 75 0b 48 8b cb e8 32 e5 1a 00 4c 8b c0
0x00007ff94c2c0d11:   40 0f b6 cf ba 01 00 00 00 48 c1 ef 06 80 e1 3f
0x00007ff94c2c0d21:   83 e7 03 48 d3 e2 49 8b 0c f8 48 8b c1 48 0b c2
0x00007ff94c2c0d31:   49 89 04 f8 48 8b 7c 24 30 48 23 ca 75 02 ff 03
0x00007ff94c2c0d41:   48 85 c9 0f 94 c0 48 83 c4 20 5b c3 cc cc cc 44
0x00007ff94c2c0d51:   8b d2 41 3b d0 7c 47 41 8d 80 c0 02 00 00 3b d0
0x00007ff94c2c0d61:   7d 3c 44 8b ca 45 2b c8 41 8b c1 83 e0 3f 0f b6
0x00007ff94c2c0d71:   d0 41 8b c1 48 c1 e8 06 48 8b 44 c1 38 48 0f a3
0x00007ff94c2c0d81:   d0 73 1b 0f b7 81 9c 00 00 00 83 f8 01 74 0c 8d
0x00007ff94c2c0d91:   48 ff 8b c1 41 23 c2 3b c1 75 03 b0 01 c3 32 c0
0x00007ff94c2c0da1:   c3 cc cc cc cc cc cc cc cc cc cc cc cc cc cc 40
0x00007ff94c2c0db1:   57 41 57 48 83 ec 38 4c 8b 41 48 33 ff 48 89 5c
0x00007ff94c2c0dc1:   24 58 4c 8b f9 48 89 74 24 68 4c 89 64 24 30 44
0x00007ff94c2c0dd1:   8b e7 4c 89 6c 24 28 44 8b ef 41 39 78 40 0f 86
0x00007ff94c2c0de1:   ba 00 00 00 48 89 6c 24 60 4c 89 74 24 20 90 49
0x00007ff94c2c0df1:   8b 40 30 8b ef 41 8b d4 48 8b 34 d0 8b 46 28 89
0x00007ff94c2c0e01:   44 24 50 85 c0 0f 84 7c 00 00 00 4c 8b f7 90 3b
0x00007ff94c2c0e11:   6e 18 73 0a 48 8b 46 20 49 8b 1c 06 eb 03 48 8b
0x00007ff94c2c0e21:   df 48 8b 03 48 8b cb ff 50 78 4c 8b c7 44 8b 48 


Stack slot to memory mapping:
stack at sp + 0 slots: 0x0000020a7c9994b0 points into unknown readable memory: 0x0000000100000008 | 08 00 00 00 01 00 00 00
stack at sp + 1 slots: 0x00000051fd8fbe00 is pointing into the stack for thread: 0x0000020a76097560
stack at sp + 2 slots: 0x00007ff94cc92318 jvm.dll
stack at sp + 3 slots: 0x00000051fd8fbd40 is pointing into the stack for thread: 0x0000020a76097560
stack at sp + 4 slots: 0x0000020a7c9f3280 points into unknown readable memory: 0x0000000000000000 | 00 00 00 00 00 00 00 00
stack at sp + 5 slots: 0x00007ff94c46a34b jvm.dll
stack at sp + 6 slots: 0x0000020a7c9f8c90 points into unknown readable memory: 0x0000000000000000 | 00 00 00 00 00 00 00 00
stack at sp + 7 slots: 0x0000020a7c9f8c90 points into unknown readable memory: 0x0000000000000000 | 00 00 00 00 00 00 00 00


---------------  P R O C E S S  ---------------

Threads class SMR info:
_java_thread_list=0x0000020a763b1390, length=46, elements={
0x0000020a58783b80, 0x0000020a7603e620, 0x0000020a7603fdc0, 0x0000020a76029bf0,
0x0000020a7607b160, 0x0000020a7602b1a0, 0x0000020a76054e50, 0x0000020a76097560,
0x0000020a76098600, 0x0000020a760aae10, 0x0000020a71d2bd80, 0x0000020a763119d0,
0x0000020a7807f020, 0x0000020a78544ad0, 0x0000020a776765c0, 0x0000020a77723370,
0x0000020a785b6d30, 0x0000020a7860b230, 0x0000020a779cd700, 0x0000020a777f9010,
0x0000020a772723e0, 0x0000020a7771d2c0, 0x0000020a7771f940, 0x0000020a7771dc60,
0x0000020a7771f470, 0x0000020a7771d790, 0x0000020a7771e600, 0x0000020a7771bf80,
0x0000020a7771ead0, 0x0000020a7771efa0, 0x0000020a7771c450, 0x0000020a7771e130,
0x0000020a7771cdf0, 0x0000020a76ee9a80, 0x0000020a76eeb760, 0x0000020a76ee6590,
0x0000020a76eed910, 0x0000020a76eea8f0, 0x0000020a76eecaa0, 0x0000020a76ee8740,
0x0000020a76eeb290, 0x0000020a76ee95b0, 0x0000020a76eecf70, 0x0000020a76ee6f30,
0x0000020a76ee8c10, 0x0000020a761bedf0
}

Java Threads: ( => current thread )
  0x0000020a58783b80 JavaThread "main" [_thread_blocked, id=13816, stack(0x00000051fcb00000,0x00000051fcc00000)]
  0x0000020a7603e620 JavaThread "Reference Handler" daemon [_thread_blocked, id=14644, stack(0x00000051fd200000,0x00000051fd300000)]
  0x0000020a7603fdc0 JavaThread "Finalizer" daemon [_thread_blocked, id=3372, stack(0x00000051fd300000,0x00000051fd400000)]
  0x0000020a76029bf0 JavaThread "Signal Dispatcher" daemon [_thread_blocked, id=9060, stack(0x00000051fd400000,0x00000051fd500000)]
  0x0000020a7607b160 JavaThread "Attach Listener" daemon [_thread_blocked, id=792, stack(0x00000051fd500000,0x00000051fd600000)]
  0x0000020a7602b1a0 JavaThread "Service Thread" daemon [_thread_blocked, id=15740, stack(0x00000051fd600000,0x00000051fd700000)]
  0x0000020a76054e50 JavaThread "Monitor Deflation Thread" daemon [_thread_blocked, id=10684, stack(0x00000051fd700000,0x00000051fd800000)]
=>0x0000020a76097560 JavaThread "C2 CompilerThread0" daemon [_thread_in_native, id=11824, stack(0x00000051fd800000,0x00000051fd900000)]
  0x0000020a76098600 JavaThread "C1 CompilerThread0" daemon [_thread_blocked, id=12148, stack(0x00000051fd900000,0x00000051fda00000)]
  0x0000020a760aae10 JavaThread "Sweeper thread" daemon [_thread_blocked, id=4212, stack(0x00000051fda00000,0x00000051fdb00000)]
  0x0000020a71d2bd80 JavaThread "Common-Cleaner" daemon [_thread_blocked, id=15372, stack(0x00000051fdb00000,0x00000051fdc00000)]
  0x0000020a763119d0 JavaThread "Notification Thread" daemon [_thread_blocked, id=15436, stack(0x00000051fdc00000,0x00000051fdd00000)]
  0x0000020a7807f020 JavaThread "Daemon health stats" [_thread_blocked, id=1244, stack(0x00000051fe200000,0x00000051fe300000)]
  0x0000020a78544ad0 JavaThread "Incoming local TCP Connector on port 51635" [_thread_in_native, id=15112, stack(0x00000051fde00000,0x00000051fdf00000)]
  0x0000020a776765c0 JavaThread "Daemon periodic checks" [_thread_blocked, id=7704, stack(0x00000051fe300000,0x00000051fe400000)]
  0x0000020a77723370 JavaThread "Daemon" [_thread_blocked, id=12996, stack(0x00000051fe400000,0x00000051fe500000)]
  0x0000020a785b6d30 JavaThread "Handler for socket connection from /127.0.0.1:51635 to /127.0.0.1:51636" [_thread_in_native, id=5468, stack(0x00000051fe500000,0x00000051fe600000)]
  0x0000020a7860b230 JavaThread "Cancel handler" [_thread_blocked, id=1780, stack(0x00000051fe600000,0x00000051fe700000)]
  0x0000020a779cd700 JavaThread "Daemon worker" [_thread_in_vm, id=420, stack(0x00000051fe700000,0x00000051fe800000)]
  0x0000020a777f9010 JavaThread "Asynchronous log dispatcher for DefaultDaemonConnection: socket connection from /127.0.0.1:51635 to /127.0.0.1:51636" [_thread_blocked, id=11800, stack(0x00000051fe800000,0x00000051fe900000)]
  0x0000020a772723e0 JavaThread "Stdin handler" [_thread_blocked, id=2992, stack(0x00000051fe900000,0x00000051fea00000)]
  0x0000020a7771d2c0 JavaThread "Daemon client event forwarder" [_thread_blocked, id=8148, stack(0x00000051fea00000,0x00000051feb00000)]
  0x0000020a7771f940 JavaThread "Cache worker for journal cache (C:\Users\EUNSEOKIM\.gradle\caches\journal-1)" [_thread_blocked, id=1484, stack(0x00000051feb00000,0x00000051fec00000)]
  0x0000020a7771dc60 JavaThread "File lock request listener" [_thread_in_native, id=2360, stack(0x00000051fec00000,0x00000051fed00000)]
  0x0000020a7771f470 JavaThread "Cache worker for file hash cache (C:\Users\EUNSEOKIM\.gradle\caches\8.2\fileHashes)" [_thread_blocked, id=13152, stack(0x00000051fed00000,0x00000051fee00000)]
  0x0000020a7771d790 JavaThread "File watcher server" daemon [_thread_in_native, id=2268, stack(0x00000051fef00000,0x00000051ff000000)]
  0x0000020a7771e600 JavaThread "File watcher consumer" daemon [_thread_blocked, id=1920, stack(0x00000051ff000000,0x00000051ff100000)]
  0x0000020a7771bf80 JavaThread "jar transforms" [_thread_blocked, id=11976, stack(0x00000051ff100000,0x00000051ff200000)]
  0x0000020a7771ead0 JavaThread "jar transforms Thread 2" [_thread_blocked, id=15796, stack(0x00000051ff200000,0x00000051ff300000)]
  0x0000020a7771efa0 JavaThread "jar transforms Thread 3" [_thread_blocked, id=14300, stack(0x00000051ff300000,0x00000051ff400000)]
  0x0000020a7771c450 JavaThread "jar transforms Thread 4" [_thread_blocked, id=15328, stack(0x00000051ff400000,0x00000051ff500000)]
  0x0000020a7771e130 JavaThread "Cache worker for checksums cache (C:\Users\EUNSEOKIM\StudioProjects\2025-Android-Study\.gradle\8.2\checksums)" [_thread_blocked, id=5684, stack(0x00000051ff500000,0x00000051ff600000)]
  0x0000020a7771cdf0 JavaThread "Cache worker for cache directory md-rule (C:\Users\EUNSEOKIM\.gradle\caches\8.2\md-rule)" [_thread_blocked, id=16376, stack(0x00000051ff600000,0x00000051ff700000)]
  0x0000020a76ee9a80 JavaThread "Cache worker for file content cache (C:\Users\EUNSEOKIM\.gradle\caches\8.2\fileContent)" [_thread_blocked, id=2732, stack(0x00000051ff700000,0x00000051ff800000)]
  0x0000020a76eeb760 JavaThread "Cache worker for file hash cache (C:\Users\EUNSEOKIM\StudioProjects\2025-Android-Study\.gradle\8.2\fileHashes)" [_thread_blocked, id=6276, stack(0x00000051ff800000,0x00000051ff900000)]
  0x0000020a76ee6590 JavaThread "Cache worker for cache directory md-supplier (C:\Users\EUNSEOKIM\.gradle\caches\8.2\md-supplier)" [_thread_blocked, id=16260, stack(0x00000051ff900000,0x00000051ffa00000)]
  0x0000020a76eed910 JavaThread "Cache worker for execution history cache (C:\Users\EUNSEOKIM\.gradle\caches\8.2\executionHistory)" [_thread_blocked, id=11708, stack(0x00000051ffa00000,0x00000051ffb00000)]
  0x0000020a76eea8f0 JavaThread "Cache worker for kotlin-dsl (C:\Users\EUNSEOKIM\.gradle\caches\8.2\kotlin-dsl)" [_thread_blocked, id=476, stack(0x00000051ffb00000,0x00000051ffc00000)]
  0x0000020a76eecaa0 JavaThread "Cache worker for dependencies-accessors (C:\Users\EUNSEOKIM\StudioProjects\2025-Android-Study\.gradle\8.2\dependencies-accessors)" [_thread_blocked, id=7048, stack(0x00000051ffc00000,0x00000051ffd00000)]
  0x0000020a76ee8740 JavaThread "Cache worker for Build Output Cleanup Cache (C:\Users\EUNSEOKIM\StudioProjects\2025-Android-Study\.gradle\buildOutputCleanup)" [_thread_blocked, id=8888, stack(0x00000051ffd00000,0x00000051ffe00000)]
  0x0000020a76eeb290 JavaThread "Unconstrained build operations" [_thread_blocked, id=10948, stack(0x00000051fff00000,0x0000005200000000)]
  0x0000020a76ee95b0 JavaThread "Unconstrained build operations Thread 2" [_thread_blocked, id=4380, stack(0x0000005180000000,0x0000005180100000)]
  0x0000020a76eecf70 JavaThread "Unconstrained build operations Thread 3" [_thread_blocked, id=8020, stack(0x0000005180100000,0x0000005180200000)]
  0x0000020a76ee6f30 JavaThread "Memory manager" [_thread_blocked, id=4248, stack(0x0000005180300000,0x0000005180400000)]
  0x0000020a76ee8c10 JavaThread "build event listener" [_thread_blocked, id=16004, stack(0x0000005180400000,0x0000005180500000)]
  0x0000020a761bedf0 JavaThread "C2 CompilerThread1" daemon [_thread_blocked, id=2964, stack(0x0000005180200000,0x0000005180300000)]

Other Threads:
  0x0000020a71d89990 VMThread "VM Thread" [stack: 0x00000051fd100000,0x00000051fd200000] [id=7448]
  0x0000020a58784a40 WatcherThread [stack: 0x00000051fdd00000,0x00000051fde00000] [id=15392]
  0x0000020a587de170 GCTaskThread "GC Thread#0" [stack: 0x00000051fcc00000,0x00000051fcd00000] [id=12584]
  0x0000020a76614210 GCTaskThread "GC Thread#1" [stack: 0x00000051fdf00000,0x00000051fe000000] [id=15840]
  0x0000020a764b0d20 GCTaskThread "GC Thread#2" [stack: 0x00000051fe000000,0x00000051fe100000] [id=4576]
  0x0000020a7669f920 GCTaskThread "GC Thread#3" [stack: 0x00000051fe100000,0x00000051fe200000] [id=9272]
  0x0000020a587eefc0 ConcurrentGCThread "G1 Main Marker" [stack: 0x00000051fcd00000,0x00000051fce00000] [id=1232]
  0x0000020a587ef8e0 ConcurrentGCThread "G1 Conc#0" [stack: 0x00000051fce00000,0x00000051fcf00000] [id=12072]
  0x0000020a5884ebd0 ConcurrentGCThread "G1 Refine#0" [stack: 0x00000051fcf00000,0x00000051fd000000] [id=15304]
  0x0000020a71bfc680 ConcurrentGCThread "G1 Service" [stack: 0x00000051fd000000,0x00000051fd100000] [id=10828]

Threads with active compile tasks:
C2 CompilerThread0    20121 8835       4       org.gradle.cache.internal.btree.CachingBlockStore::read (56 bytes)

VM state: not at safepoint (normal execution)

VM Mutex/Monitor currently owned by a thread: None

Heap address: 0x0000000080000000, size: 2048 MB, Compressed Oops mode: 32-bit

CDS archive(s) not mapped
Compressed class space mapped at: 0x0000000100000000-0x0000000140000000, reserved size: 1073741824
Narrow klass base: 0x0000000000000000, Narrow klass shift: 3, Narrow klass range: 0x140000000

GC Precious Log:
 CPUs: 4 total, 4 available
 Memory: 16320M
 Large Page Support: Disabled
 NUMA Support: Disabled
 Compressed Oops: Enabled (32-bit)
 Heap Region Size: 1M
 Heap Min Capacity: 8M
 Heap Initial Capacity: 256M
 Heap Max Capacity: 2G
 Pre-touch: Disabled
 Parallel Workers: 4
 Concurrent Workers: 1
 Concurrent Refinement Workers: 4
 Periodic GC: Disabled

Heap:
 garbage-first heap   total 165888K, used 125744K [0x0000000080000000, 0x0000000100000000)
  region size 1024K, 13 young (13312K), 4 survivors (4096K)
 Metaspace       used 91619K, committed 92416K, reserved 1179648K
  class space    used 12769K, committed 13120K, reserved 1048576K

Heap Regions: E=young(eden), S=young(survivor), O=old, HS=humongous(starts), HC=humongous(continues), CS=collection set, F=free, OA=open archive, CA=closed archive, TAMS=top-at-mark-start (previous, next)
|   0|0x0000000080000000, 0x0000000080100000, 0x0000000080100000|100%| O|  |TAMS 0x0000000080100000, 0x0000000080000000| Untracked 
|   1|0x0000000080100000, 0x0000000080200000, 0x0000000080200000|100%| O|  |TAMS 0x0000000080200000, 0x0000000080100000| Untracked 
|   2|0x0000000080200000, 0x0000000080300000, 0x0000000080300000|100%|HS|  |TAMS 0x0000000080300000, 0x0000000080200000| Complete 
|   3|0x0000000080300000, 0x0000000080400000, 0x0000000080400000|100%|HC|  |TAMS 0x0000000080400000, 0x0000000080300000| Complete 
|   4|0x0000000080400000, 0x0000000080500000, 0x0000000080500000|100%|HC|  |TAMS 0x0000000080500000, 0x0000000080400000| Complete 
|   5|0x0000000080500000, 0x0000000080600000, 0x0000000080600000|100%|HC|  |TAMS 0x0000000080600000, 0x0000000080500000| Complete 
|   6|0x0000000080600000, 0x0000000080700000, 0x0000000080700000|100%| O|  |TAMS 0x0000000080700000, 0x0000000080600000| Untracked 
|   7|0x0000000080700000, 0x0000000080800000, 0x0000000080800000|100%| O|  |TAMS 0x0000000080800000, 0x0000000080700000| Untracked 
|   8|0x0000000080800000, 0x0000000080900000, 0x0000000080900000|100%| O|  |TAMS 0x0000000080900000, 0x0000000080800000| Untracked 
|   9|0x0000000080900000, 0x0000000080a00000, 0x0000000080a00000|100%| O|  |TAMS 0x0000000080a00000, 0x0000000080900000| Untracked 
|  10|0x0000000080a00000, 0x0000000080b00000, 0x0000000080b00000|100%| O|  |TAMS 0x0000000080b00000, 0x0000000080a00000| Untracked 
|  11|0x0000000080b00000, 0x0000000080c00000, 0x0000000080c00000|100%| O|  |TAMS 0x0000000080c00000, 0x0000000080b00000| Untracked 
|  12|0x0000000080c00000, 0x0000000080d00000, 0x0000000080d00000|100%| O|  |TAMS 0x0000000080d00000, 0x0000000080c00000| Untracked 
|  13|0x0000000080d00000, 0x0000000080e00000, 0x0000000080e00000|100%| O|  |TAMS 0x0000000080e00000, 0x0000000080d00000| Untracked 
|  14|0x0000000080e00000, 0x0000000080f00000, 0x0000000080f00000|100%| O|  |TAMS 0x0000000080f00000, 0x0000000080e00000| Untracked 
|  15|0x0000000080f00000, 0x0000000081000000, 0x0000000081000000|100%| O|  |TAMS 0x0000000081000000, 0x0000000080f00000| Untracked 
|  16|0x0000000081000000, 0x0000000081100000, 0x0000000081100000|100%| O|  |TAMS 0x0000000081100000, 0x0000000081000000| Untracked 
|  17|0x0000000081100000, 0x0000000081200000, 0x0000000081200000|100%| O|  |TAMS 0x0000000081200000, 0x0000000081100000| Untracked 
|  18|0x0000000081200000, 0x0000000081300000, 0x0000000081300000|100%| O|  |TAMS 0x0000000081300000, 0x0000000081200000| Untracked 
|  19|0x0000000081300000, 0x0000000081400000, 0x0000000081400000|100%| O|  |TAMS 0x0000000081400000, 0x0000000081300000| Untracked 
|  20|0x0000000081400000, 0x0000000081500000, 0x0000000081500000|100%| O|  |TAMS 0x0000000081500000, 0x0000000081400000| Untracked 
|  21|0x0000000081500000, 0x0000000081600000, 0x0000000081600000|100%|HS|  |TAMS 0x0000000081600000, 0x0000000081500000| Complete 
|  22|0x0000000081600000, 0x0000000081700000, 0x0000000081700000|100%|HC|  |TAMS 0x0000000081700000, 0x0000000081600000| Complete 
|  23|0x0000000081700000, 0x0000000081800000, 0x0000000081800000|100%|HS|  |TAMS 0x0000000081800000, 0x0000000081700000| Complete 
|  24|0x0000000081800000, 0x0000000081900000, 0x0000000081900000|100%|HC|  |TAMS 0x0000000081900000, 0x0000000081800000| Complete 
|  25|0x0000000081900000, 0x0000000081a00000, 0x0000000081a00000|100%|HC|  |TAMS 0x0000000081a00000, 0x0000000081900000| Complete 
|  26|0x0000000081a00000, 0x0000000081b00000, 0x0000000081b00000|100%|HS|  |TAMS 0x0000000081b00000, 0x0000000081a00000| Complete 
|  27|0x0000000081b00000, 0x0000000081c00000, 0x0000000081c00000|100%|HC|  |TAMS 0x0000000081c00000, 0x0000000081b00000| Complete 
|  28|0x0000000081c00000, 0x0000000081d00000, 0x0000000081d00000|100%| O|  |TAMS 0x0000000081d00000, 0x0000000081c00000| Untracked 
|  29|0x0000000081d00000, 0x0000000081e00000, 0x0000000081e00000|100%| O|  |TAMS 0x0000000081e00000, 0x0000000081d00000| Untracked 
|  30|0x0000000081e00000, 0x0000000081f00000, 0x0000000081f00000|100%| O|  |TAMS 0x0000000081f00000, 0x0000000081e00000| Untracked 
|  31|0x0000000081f00000, 0x0000000082000000, 0x0000000082000000|100%|HS|  |TAMS 0x0000000082000000, 0x0000000081f00000| Complete 
|  32|0x0000000082000000, 0x0000000082100000, 0x0000000082100000|100%|HC|  |TAMS 0x0000000082100000, 0x0000000082000000| Complete 
|  33|0x0000000082100000, 0x0000000082200000, 0x0000000082200000|100%|HC|  |TAMS 0x0000000082200000, 0x0000000082100000| Complete 
|  34|0x0000000082200000, 0x0000000082300000, 0x0000000082300000|100%|HC|  |TAMS 0x0000000082300000, 0x0000000082200000| Complete 
|  35|0x0000000082300000, 0x0000000082400000, 0x0000000082400000|100%|HC|  |TAMS 0x0000000082400000, 0x0000000082300000| Complete 
|  36|0x0000000082400000, 0x0000000082500000, 0x0000000082500000|100%|HC|  |TAMS 0x0000000082500000, 0x0000000082400000| Complete 
|  37|0x0000000082500000, 0x0000000082600000, 0x0000000082600000|100%|HC|  |TAMS 0x0000000082600000, 0x0000000082500000| Complete 
|  38|0x0000000082600000, 0x0000000082700000, 0x0000000082700000|100%|HC|  |TAMS 0x0000000082700000, 0x0000000082600000| Complete 
|  39|0x0000000082700000, 0x0000000082800000, 0x0000000082800000|100%|HC|  |TAMS 0x0000000082800000, 0x0000000082700000| Complete 
|  40|0x0000000082800000, 0x0000000082900000, 0x0000000082900000|100%|HC|  |TAMS 0x0000000082900000, 0x0000000082800000| Complete 
|  41|0x0000000082900000, 0x0000000082a00000, 0x0000000082a00000|100%|HC|  |TAMS 0x0000000082a00000, 0x0000000082900000| Complete 
|  42|0x0000000082a00000, 0x0000000082b00000, 0x0000000082b00000|100%|HC|  |TAMS 0x0000000082b00000, 0x0000000082a00000| Complete 
|  43|0x0000000082b00000, 0x0000000082c00000, 0x0000000082c00000|100%|HS|  |TAMS 0x0000000082c00000, 0x0000000082b00000| Complete 
|  44|0x0000000082c00000, 0x0000000082d00000, 0x0000000082d00000|100%|HC|  |TAMS 0x0000000082d00000, 0x0000000082c00000| Complete 
|  45|0x0000000082d00000, 0x0000000082e00000, 0x0000000082e00000|100%| O|  |TAMS 0x0000000082e00000, 0x0000000082d00000| Untracked 
|  46|0x0000000082e00000, 0x0000000082f00000, 0x0000000082f00000|100%| O|  |TAMS 0x0000000082f00000, 0x0000000082e00000| Untracked 
|  47|0x0000000082f00000, 0x0000000083000000, 0x0000000083000000|100%| O|  |TAMS 0x0000000083000000, 0x0000000082f00000| Untracked 
|  48|0x0000000083000000, 0x0000000083100000, 0x0000000083100000|100%| O|  |TAMS 0x0000000083100000, 0x0000000083000000| Untracked 
|  49|0x0000000083100000, 0x0000000083200000, 0x0000000083200000|100%|HS|  |TAMS 0x0000000083200000, 0x0000000083100000| Complete 
|  50|0x0000000083200000, 0x0000000083300000, 0x0000000083300000|100%|HC|  |TAMS 0x0000000083300000, 0x0000000083200000| Complete 
|  51|0x0000000083300000, 0x0000000083400000, 0x0000000083400000|100%|HC|  |TAMS 0x0000000083400000, 0x0000000083300000| Complete 
|  52|0x0000000083400000, 0x0000000083500000, 0x0000000083500000|100%| O|  |TAMS 0x0000000083500000, 0x0000000083400000| Untracked 
|  53|0x0000000083500000, 0x0000000083600000, 0x0000000083600000|100%| O|  |TAMS 0x0000000083600000, 0x0000000083500000| Untracked 
|  54|0x0000000083600000, 0x0000000083700000, 0x0000000083700000|100%| O|  |TAMS 0x0000000083700000, 0x0000000083600000| Untracked 
|  55|0x0000000083700000, 0x0000000083800000, 0x0000000083800000|100%| O|  |TAMS 0x0000000083800000, 0x0000000083700000| Untracked 
|  56|0x0000000083800000, 0x0000000083900000, 0x0000000083900000|100%| O|  |TAMS 0x0000000083900000, 0x0000000083800000| Untracked 
|  57|0x0000000083900000, 0x0000000083a00000, 0x0000000083a00000|100%| O|  |TAMS 0x0000000083a00000, 0x0000000083900000| Untracked 
|  58|0x0000000083a00000, 0x0000000083b00000, 0x0000000083b00000|100%| O|  |TAMS 0x0000000083b00000, 0x0000000083a00000| Untracked 
|  59|0x0000000083b00000, 0x0000000083c00000, 0x0000000083c00000|100%| O|  |TAMS 0x0000000083c00000, 0x0000000083b00000| Untracked 
|  60|0x0000000083c00000, 0x0000000083d00000, 0x0000000083d00000|100%| O|  |TAMS 0x0000000083d00000, 0x0000000083c00000| Untracked 
|  61|0x0000000083d00000, 0x0000000083e00000, 0x0000000083e00000|100%| O|  |TAMS 0x0000000083e00000, 0x0000000083d00000| Untracked 
|  62|0x0000000083e00000, 0x0000000083f00000, 0x0000000083f00000|100%| O|  |TAMS 0x0000000083f00000, 0x0000000083e00000| Untracked 
|  63|0x0000000083f00000, 0x0000000084000000, 0x0000000084000000|100%| O|  |TAMS 0x0000000084000000, 0x0000000083f00000| Untracked 
|  64|0x0000000084000000, 0x0000000084100000, 0x0000000084100000|100%| O|  |TAMS 0x0000000084100000, 0x0000000084000000| Untracked 
|  65|0x0000000084100000, 0x0000000084200000, 0x0000000084200000|100%| O|  |TAMS 0x0000000084200000, 0x0000000084100000| Untracked 
|  66|0x0000000084200000, 0x0000000084300000, 0x0000000084300000|100%| O|  |TAMS 0x0000000084300000, 0x0000000084200000| Untracked 
|  67|0x0000000084300000, 0x0000000084400000, 0x0000000084400000|100%| O|  |TAMS 0x0000000084400000, 0x0000000084300000| Untracked 
|  68|0x0000000084400000, 0x0000000084500000, 0x0000000084500000|100%| O|  |TAMS 0x0000000084500000, 0x0000000084400000| Untracked 
|  69|0x0000000084500000, 0x0000000084600000, 0x0000000084600000|100%| O|  |TAMS 0x000000008456e000, 0x0000000084500000| Untracked 
|  70|0x0000000084600000, 0x0000000084700000, 0x0000000084700000|100%|HS|  |TAMS 0x0000000084700000, 0x0000000084600000| Complete 
|  71|0x0000000084700000, 0x0000000084800000, 0x0000000084800000|100%|HS|  |TAMS 0x0000000084800000, 0x0000000084700000| Complete 
|  72|0x0000000084800000, 0x0000000084900000, 0x0000000084900000|100%|HS|  |TAMS 0x0000000084900000, 0x0000000084800000| Complete 
|  73|0x0000000084900000, 0x0000000084a00000, 0x0000000084a00000|100%|HC|  |TAMS 0x0000000084a00000, 0x0000000084900000| Complete 
|  74|0x0000000084a00000, 0x0000000084b00000, 0x0000000084b00000|100%|HS|  |TAMS 0x0000000084b00000, 0x0000000084a00000| Complete 
|  75|0x0000000084b00000, 0x0000000084c00000, 0x0000000084c00000|100%|HC|  |TAMS 0x0000000084c00000, 0x0000000084b00000| Complete 
|  76|0x0000000084c00000, 0x0000000084d00000, 0x0000000084d00000|100%|HS|  |TAMS 0x0000000084d00000, 0x0000000084c00000| Complete 
|  77|0x0000000084d00000, 0x0000000084e00000, 0x0000000084e00000|100%|HS|  |TAMS 0x0000000084e00000, 0x0000000084d00000| Complete 
|  78|0x0000000084e00000, 0x0000000084f00000, 0x0000000084f00000|100%|HS|  |TAMS 0x0000000084f00000, 0x0000000084e00000| Complete 
|  79|0x0000000084f00000, 0x0000000085000000, 0x0000000085000000|100%|HC|  |TAMS 0x0000000085000000, 0x0000000084f00000| Complete 
|  80|0x0000000085000000, 0x0000000085100000, 0x0000000085100000|100%|HC|  |TAMS 0x0000000085100000, 0x0000000085000000| Complete 
|  81|0x0000000085100000, 0x0000000085200000, 0x0000000085200000|100%|HC|  |TAMS 0x0000000085200000, 0x0000000085100000| Complete 
|  82|0x0000000085200000, 0x0000000085300000, 0x0000000085300000|100%| O|  |TAMS 0x0000000085200000, 0x0000000085200000| Untracked 
|  83|0x0000000085300000, 0x0000000085400000, 0x0000000085400000|100%|HS|  |TAMS 0x0000000085400000, 0x0000000085300000| Complete 
|  84|0x0000000085400000, 0x0000000085500000, 0x0000000085500000|100%| O|  |TAMS 0x0000000085400000, 0x0000000085400000| Untracked 
|  85|0x0000000085500000, 0x0000000085600000, 0x0000000085600000|100%| O|  |TAMS 0x0000000085500000, 0x0000000085500000| Untracked 
|  86|0x0000000085600000, 0x0000000085700000, 0x0000000085700000|100%| O|  |TAMS 0x0000000085600000, 0x0000000085600000| Untracked 
|  87|0x0000000085700000, 0x0000000085800000, 0x0000000085800000|100%| O|  |TAMS 0x0000000085700000, 0x0000000085700000| Untracked 
|  88|0x0000000085800000, 0x0000000085900000, 0x0000000085900000|100%| O|  |TAMS 0x0000000085800000, 0x0000000085800000| Untracked 
|  89|0x0000000085900000, 0x0000000085a00000, 0x0000000085a00000|100%| O|  |TAMS 0x0000000085900000, 0x0000000085900000| Untracked 
|  90|0x0000000085a00000, 0x0000000085b00000, 0x0000000085b00000|100%| O|  |TAMS 0x0000000085a00000, 0x0000000085a00000| Untracked 
|  91|0x0000000085b00000, 0x0000000085c00000, 0x0000000085c00000|100%| O|  |TAMS 0x0000000085b00000, 0x0000000085b00000| Untracked 
|  92|0x0000000085c00000, 0x0000000085d00000, 0x0000000085d00000|100%| O|  |TAMS 0x0000000085c00000, 0x0000000085c00000| Untracked 
|  93|0x0000000085d00000, 0x0000000085e00000, 0x0000000085e00000|100%| O|  |TAMS 0x0000000085d00000, 0x0000000085d00000| Untracked 
|  94|0x0000000085e00000, 0x0000000085f00000, 0x0000000085f00000|100%| O|  |TAMS 0x0000000085e00000, 0x0000000085e00000| Untracked 
|  95|0x0000000085f00000, 0x0000000086000000, 0x0000000086000000|100%| O|  |TAMS 0x0000000085f00000, 0x0000000085f00000| Untracked 
|  96|0x0000000086000000, 0x0000000086100000, 0x0000000086100000|100%| O|  |TAMS 0x0000000086000000, 0x0000000086000000| Untracked 
|  97|0x0000000086100000, 0x0000000086200000, 0x0000000086200000|100%| O|  |TAMS 0x0000000086100000, 0x0000000086100000| Untracked 
|  98|0x0000000086200000, 0x0000000086300000, 0x0000000086300000|100%| O|  |TAMS 0x0000000086200000, 0x0000000086200000| Untracked 
|  99|0x0000000086300000, 0x0000000086400000, 0x0000000086400000|100%| O|  |TAMS 0x0000000086300000, 0x0000000086300000| Untracked 
| 100|0x0000000086400000, 0x0000000086500000, 0x0000000086500000|100%| O|  |TAMS 0x0000000086400000, 0x0000000086400000| Untracked 
| 101|0x0000000086500000, 0x0000000086600000, 0x0000000086600000|100%| O|  |TAMS 0x0000000086500000, 0x0000000086500000| Untracked 
| 102|0x0000000086600000, 0x0000000086700000, 0x0000000086700000|100%|HS|  |TAMS 0x0000000086600000, 0x0000000086600000| Complete 
| 103|0x0000000086700000, 0x0000000086800000, 0x0000000086800000|100%|HC|  |TAMS 0x0000000086700000, 0x0000000086700000| Complete 
| 104|0x0000000086800000, 0x0000000086900000, 0x0000000086900000|100%|HC|  |TAMS 0x0000000086800000, 0x0000000086800000| Complete 
| 105|0x0000000086900000, 0x0000000086a00000, 0x0000000086a00000|100%|HC|  |TAMS 0x0000000086900000, 0x0000000086900000| Complete 
| 106|0x0000000086a00000, 0x0000000086b00000, 0x0000000086b00000|100%| O|  |TAMS 0x0000000086a00000, 0x0000000086a00000| Untracked 
| 107|0x0000000086b00000, 0x0000000086c00000, 0x0000000086c00000|100%| O|  |TAMS 0x0000000086b00000, 0x0000000086b00000| Untracked 
| 108|0x0000000086c00000, 0x0000000086d00000, 0x0000000086d00000|100%| O|  |TAMS 0x0000000086c00000, 0x0000000086c00000| Untracked 
| 109|0x0000000086d00000, 0x0000000086e00000, 0x0000000086e00000|100%| O|  |TAMS 0x0000000086d00000, 0x0000000086d00000| Untracked 
| 110|0x0000000086e00000, 0x0000000086ecc200, 0x0000000086f00000| 79%| O|  |TAMS 0x0000000086e00000, 0x0000000086e00000| Untracked 
| 111|0x0000000086f00000, 0x0000000086f00000, 0x0000000087000000|  0%| F|  |TAMS 0x0000000086f00000, 0x0000000086f00000| Untracked 
| 112|0x0000000087000000, 0x0000000087000000, 0x0000000087100000|  0%| F|  |TAMS 0x0000000087000000, 0x0000000087000000| Untracked 
| 113|0x0000000087100000, 0x0000000087100000, 0x0000000087200000|  0%| F|  |TAMS 0x0000000087100000, 0x0000000087100000| Untracked 
| 114|0x0000000087200000, 0x0000000087200000, 0x0000000087300000|  0%| F|  |TAMS 0x0000000087200000, 0x0000000087200000| Untracked 
| 115|0x0000000087300000, 0x0000000087300000, 0x0000000087400000|  0%| F|  |TAMS 0x0000000087300000, 0x0000000087300000| Untracked 
| 116|0x0000000087400000, 0x0000000087400000, 0x0000000087500000|  0%| F|  |TAMS 0x0000000087400000, 0x0000000087400000| Untracked 
| 117|0x0000000087500000, 0x0000000087500000, 0x0000000087600000|  0%| F|  |TAMS 0x0000000087500000, 0x0000000087500000| Untracked 
| 118|0x0000000087600000, 0x0000000087600000, 0x0000000087700000|  0%| F|  |TAMS 0x0000000087600000, 0x0000000087600000| Untracked 
| 119|0x0000000087700000, 0x0000000087700000, 0x0000000087800000|  0%| F|  |TAMS 0x0000000087700000, 0x0000000087700000| Untracked 
| 120|0x0000000087800000, 0x0000000087800000, 0x0000000087900000|  0%| F|  |TAMS 0x0000000087800000, 0x0000000087800000| Untracked 
| 121|0x0000000087900000, 0x0000000087900000, 0x0000000087a00000|  0%| F|  |TAMS 0x0000000087900000, 0x0000000087900000| Untracked 
| 122|0x0000000087a00000, 0x0000000087a00000, 0x0000000087b00000|  0%| F|  |TAMS 0x0000000087a00000, 0x0000000087a00000| Untracked 
| 123|0x0000000087b00000, 0x0000000087b00000, 0x0000000087c00000|  0%| F|  |TAMS 0x0000000087b00000, 0x0000000087b00000| Untracked 
| 124|0x0000000087c00000, 0x0000000087c00000, 0x0000000087d00000|  0%| F|  |TAMS 0x0000000087c00000, 0x0000000087c00000| Untracked 
| 125|0x0000000087d00000, 0x0000000087d00000, 0x0000000087e00000|  0%| F|  |TAMS 0x0000000087d00000, 0x0000000087d00000| Untracked 
| 126|0x0000000087e00000, 0x0000000087e00000, 0x0000000087f00000|  0%| F|  |TAMS 0x0000000087e00000, 0x0000000087e00000| Untracked 
| 127|0x0000000087f00000, 0x0000000087f00000, 0x0000000088000000|  0%| F|  |TAMS 0x0000000087f00000, 0x0000000087f00000| Untracked 
| 128|0x0000000088000000, 0x0000000088000000, 0x0000000088100000|  0%| F|  |TAMS 0x0000000088000000, 0x0000000088000000| Untracked 
| 129|0x0000000088100000, 0x0000000088100000, 0x0000000088200000|  0%| F|  |TAMS 0x0000000088100000, 0x0000000088100000| Untracked 
| 130|0x0000000088200000, 0x0000000088200000, 0x0000000088300000|  0%| F|  |TAMS 0x0000000088200000, 0x0000000088200000| Untracked 
| 131|0x0000000088300000, 0x0000000088400000, 0x0000000088400000|100%| S|CS|TAMS 0x0000000088300000, 0x0000000088300000| Complete 
| 132|0x0000000088400000, 0x0000000088500000, 0x0000000088500000|100%| S|CS|TAMS 0x0000000088400000, 0x0000000088400000| Complete 
| 133|0x0000000088500000, 0x0000000088600000, 0x0000000088600000|100%| S|CS|TAMS 0x0000000088500000, 0x0000000088500000| Complete 
| 134|0x0000000088600000, 0x0000000088600000, 0x0000000088700000|  0%| F|  |TAMS 0x0000000088600000, 0x0000000088600000| Untracked 
| 135|0x0000000088700000, 0x0000000088700000, 0x0000000088800000|  0%| F|  |TAMS 0x0000000088700000, 0x0000000088700000| Untracked 
| 136|0x0000000088800000, 0x0000000088900000, 0x0000000088900000|100%| S|CS|TAMS 0x0000000088800000, 0x0000000088800000| Complete 
| 137|0x0000000088900000, 0x0000000088900000, 0x0000000088a00000|  0%| F|  |TAMS 0x0000000088900000, 0x0000000088900000| Untracked 
| 138|0x0000000088a00000, 0x0000000088a00000, 0x0000000088b00000|  0%| F|  |TAMS 0x0000000088a00000, 0x0000000088a00000| Untracked 
| 139|0x0000000088b00000, 0x0000000088b00000, 0x0000000088c00000|  0%| F|  |TAMS 0x0000000088b00000, 0x0000000088b00000| Untracked 
| 140|0x0000000088c00000, 0x0000000088c00000, 0x0000000088d00000|  0%| F|  |TAMS 0x0000000088c00000, 0x0000000088c00000| Untracked 
| 141|0x0000000088d00000, 0x0000000088d00000, 0x0000000088e00000|  0%| F|  |TAMS 0x0000000088d00000, 0x0000000088d00000| Untracked 
| 142|0x0000000088e00000, 0x0000000088e00000, 0x0000000088f00000|  0%| F|  |TAMS 0x0000000088e00000, 0x0000000088e00000| Untracked 
| 143|0x0000000088f00000, 0x0000000088f00000, 0x0000000089000000|  0%| F|  |TAMS 0x0000000088f00000, 0x0000000088f00000| Untracked 
| 144|0x0000000089000000, 0x0000000089000000, 0x0000000089100000|  0%| F|  |TAMS 0x0000000089000000, 0x0000000089000000| Untracked 
| 145|0x0000000089100000, 0x0000000089100000, 0x0000000089200000|  0%| F|  |TAMS 0x0000000089100000, 0x0000000089100000| Untracked 
| 146|0x0000000089200000, 0x0000000089200000, 0x0000000089300000|  0%| F|  |TAMS 0x0000000089200000, 0x0000000089200000| Untracked 
| 147|0x0000000089300000, 0x0000000089300000, 0x0000000089400000|  0%| F|  |TAMS 0x0000000089300000, 0x0000000089300000| Untracked 
| 148|0x0000000089400000, 0x0000000089400000, 0x0000000089500000|  0%| F|  |TAMS 0x0000000089400000, 0x0000000089400000| Untracked 
| 149|0x0000000089500000, 0x0000000089500000, 0x0000000089600000|  0%| F|  |TAMS 0x0000000089500000, 0x0000000089500000| Untracked 
| 150|0x0000000089600000, 0x0000000089600000, 0x0000000089700000|  0%| F|  |TAMS 0x0000000089600000, 0x0000000089600000| Untracked 
| 151|0x0000000089700000, 0x0000000089700000, 0x0000000089800000|  0%| F|  |TAMS 0x0000000089700000, 0x0000000089700000| Untracked 
| 152|0x0000000089800000, 0x000000008985b160, 0x0000000089900000| 35%| E|  |TAMS 0x0000000089800000, 0x0000000089800000| Complete 
| 202|0x000000008ca00000, 0x000000008cb00000, 0x000000008cb00000|100%| E|CS|TAMS 0x000000008ca00000, 0x000000008ca00000| Complete 
| 203|0x000000008cb00000, 0x000000008cc00000, 0x000000008cc00000|100%| E|CS|TAMS 0x000000008cb00000, 0x000000008cb00000| Complete 
| 204|0x000000008cc00000, 0x000000008cd00000, 0x000000008cd00000|100%| E|CS|TAMS 0x000000008cc00000, 0x000000008cc00000| Complete 
| 205|0x000000008cd00000, 0x000000008ce00000, 0x000000008ce00000|100%| E|CS|TAMS 0x000000008cd00000, 0x000000008cd00000| Complete 
| 206|0x000000008ce00000, 0x000000008cf00000, 0x000000008cf00000|100%| E|CS|TAMS 0x000000008ce00000, 0x000000008ce00000| Complete 
| 207|0x000000008cf00000, 0x000000008d000000, 0x000000008d000000|100%| E|CS|TAMS 0x000000008cf00000, 0x000000008cf00000| Complete 
| 208|0x000000008d000000, 0x000000008d100000, 0x000000008d100000|100%| E|CS|TAMS 0x000000008d000000, 0x000000008d000000| Complete 
| 209|0x000000008d100000, 0x000000008d200000, 0x000000008d200000|100%| E|CS|TAMS 0x000000008d100000, 0x000000008d100000| Complete 
| 255|0x000000008ff00000, 0x0000000090000000, 0x0000000090000000|100%| E|CS|TAMS 0x000000008ff00000, 0x000000008ff00000| Complete 

Card table byte_map: [0x0000020a6b060000,0x0000020a6b460000] _byte_map_base: 0x0000020a6ac60000

Marking Bits (Prev, Next): (CMBitMap*) 0x0000020a587de6d0, (CMBitMap*) 0x0000020a587de690
 Prev Bits: [0x0000020a6d860000, 0x0000020a6f860000)
 Next Bits: [0x0000020a6b860000, 0x0000020a6d860000)

Polling page: 0x0000020a57f50000

Metaspace:

Usage:
  Non-class:     77.09 MB used.
      Class:     12.49 MB used.
       Both:     89.57 MB used.

Virtual space:
  Non-class space:      128.00 MB reserved,      77.50 MB ( 61%) committed,  2 nodes.
      Class space:        1.00 GB reserved,      12.81 MB (  1%) committed,  1 nodes.
             Both:        1.12 GB reserved,      90.31 MB (  8%) committed. 

Chunk freelists:
   Non-Class:  1.81 MB
       Class:  3.12 MB
        Both:  4.94 MB

MaxMetaspaceSize: unlimited
CompressedClassSpaceSize: 1.00 GB
Initial GC threshold: 21.00 MB
Current GC threshold: 115.25 MB
CDS: off
MetaspaceReclaimPolicy: balanced
 - commit_granule_bytes: 65536.
 - commit_granule_words: 8192.
 - virtual_space_node_default_size: 8388608.
 - enlarge_chunks_in_place: 1.
 - new_chunks_are_fully_committed: 0.
 - uncommit_free_chunks: 1.
 - use_allocation_guard: 0.
 - handle_deallocations: 1.


Internal statistics:

num_allocs_failed_limit: 6.
num_arena_births: 994.
num_arena_deaths: 0.
num_vsnodes_births: 3.
num_vsnodes_deaths: 0.
num_space_committed: 1445.
num_space_uncommitted: 0.
num_chunks_returned_to_freelist: 6.
num_chunks_taken_from_freelist: 4179.
num_chunk_merges: 6.
num_chunk_splits: 2809.
num_chunks_enlarged: 1935.
num_inconsistent_stats: 0.

CodeHeap 'non-profiled nmethods': size=120000Kb used=4936Kb max_used=4936Kb free=115063Kb
 bounds [0x0000020a63730000, 0x0000020a63c10000, 0x0000020a6ac60000]
CodeHeap 'profiled nmethods': size=120000Kb used=16046Kb max_used=16046Kb free=103953Kb
 bounds [0x0000020a5bc60000, 0x0000020a5cc10000, 0x0000020a63190000]
CodeHeap 'non-nmethods': size=5760Kb used=2424Kb max_used=2485Kb free=3335Kb
 bounds [0x0000020a63190000, 0x0000020a63410000, 0x0000020a63730000]
 total_blobs=9076 nmethods=8116 adapters=871
 compilation: enabled
              stopped_count=0, restarted_count=0
 full_count=0

Compilation events (20 events):
Event: 19.976 Thread 0x0000020a76098600 8873       3       java.util.ArrayList$ArrayListSpliterator::forEachRemaining (127 bytes)
Event: 19.976 Thread 0x0000020a76098600 nmethod 8873 0x0000020a5cbf8190 code [0x0000020a5cbf8380, 0x0000020a5cbf8988]
Event: 19.980 Thread 0x0000020a76098600 8877       1       com.google.common.collect.RegularImmutableSortedSet::unsafeComparator (5 bytes)
Event: 19.980 Thread 0x0000020a76098600 nmethod 8877 0x0000020a63bf4010 code [0x0000020a63bf41a0, 0x0000020a63bf4278]
Event: 19.991 Thread 0x0000020a76098600 8878       3       java.lang.Long::stringSize (55 bytes)
Event: 19.991 Thread 0x0000020a76098600 nmethod 8878 0x0000020a5cbf8c10 code [0x0000020a5cbf8dc0, 0x0000020a5cbf9058]
Event: 19.991 Thread 0x0000020a76098600 8879       3       java.lang.Long::getChars (208 bytes)
Event: 19.992 Thread 0x0000020a76098600 nmethod 8879 0x0000020a5cbf9110 code [0x0000020a5cbf9300, 0x0000020a5cbf9918]
Event: 19.994 Thread 0x0000020a76098600 8880       1       kotlin.reflect.jvm.internal.impl.load.java.lazy.descriptors.LazyJavaPackageScope::getOwnerDescriptor (5 bytes)
Event: 19.994 Thread 0x0000020a76098600 nmethod 8880 0x0000020a63bf4310 code [0x0000020a63bf44a0, 0x0000020a63bf4578]
Event: 19.995 Thread 0x0000020a76098600 8881       3       kotlin.reflect.jvm.internal.impl.metadata.jvm.JvmProtoBuf$StringTableTypes$Record::initFields (38 bytes)
Event: 19.995 Thread 0x0000020a76098600 nmethod 8881 0x0000020a5cbf9c90 code [0x0000020a5cbf9e60, 0x0000020a5cbfa1f8]
Event: 19.995 Thread 0x0000020a76098600 8885   !   3       kotlin.reflect.jvm.internal.impl.metadata.jvm.JvmProtoBuf$StringTableTypes$Record::<init> (759 bytes)
Event: 19.999 Thread 0x0000020a76098600 nmethod 8885 0x0000020a5cbfa310 code [0x0000020a5cbfab20, 0x0000020a5cc004e8]
Event: 20.000 Thread 0x0000020a76098600 8882       3       kotlin.reflect.jvm.internal.impl.metadata.jvm.JvmProtoBuf$StringTableTypes$Record$1::parsePartialFrom (7 bytes)
Event: 20.000 Thread 0x0000020a76098600 nmethod 8882 0x0000020a5cc02a10 code [0x0000020a5cc02ba0, 0x0000020a5cc02ce8]
Event: 20.000 Thread 0x0000020a76098600 8883       3       kotlin.reflect.jvm.internal.impl.metadata.jvm.JvmProtoBuf$StringTableTypes$Record$1::parsePartialFrom (11 bytes)
Event: 20.000 Thread 0x0000020a76098600 nmethod 8883 0x0000020a5cc02d90 code [0x0000020a5cc02f40, 0x0000020a5cc03148]
Event: 20.000 Thread 0x0000020a76098600 8884       3       kotlin.reflect.jvm.internal.impl.metadata.jvm.JvmProtoBuf$StringTableTypes$Record::<init> (7 bytes)
Event: 20.000 Thread 0x0000020a76098600 nmethod 8884 0x0000020a5cc03290 code [0x0000020a5cc03420, 0x0000020a5cc03568]

GC Heap History (20 events):
Event: 14.656 GC heap before
{Heap before GC invocations=21 (full 0):
 garbage-first heap   total 155648K, used 122500K [0x0000000080000000, 0x0000000100000000)
  region size 1024K, 57 young (58368K), 6 survivors (6144K)
 Metaspace       used 67796K, committed 68480K, reserved 1114112K
  class space    used 9545K, committed 9856K, reserved 1048576K
}
Event: 14.663 GC heap after
{Heap after GC invocations=22 (full 0):
 garbage-first heap   total 155648K, used 75192K [0x0000000080000000, 0x0000000100000000)
  region size 1024K, 4 young (4096K), 4 survivors (4096K)
 Metaspace       used 67796K, committed 68480K, reserved 1114112K
  class space    used 9545K, committed 9856K, reserved 1048576K
}
Event: 16.021 GC heap before
{Heap before GC invocations=22 (full 0):
 garbage-first heap   total 155648K, used 121272K [0x0000000080000000, 0x0000000100000000)
  region size 1024K, 37 young (37888K), 4 survivors (4096K)
 Metaspace       used 69868K, committed 70528K, reserved 1114112K
  class space    used 9811K, committed 10112K, reserved 1048576K
}
Event: 16.029 GC heap after
{Heap after GC invocations=23 (full 0):
 garbage-first heap   total 155648K, used 96135K [0x0000000080000000, 0x0000000100000000)
  region size 1024K, 7 young (7168K), 7 survivors (7168K)
 Metaspace       used 69868K, committed 70528K, reserved 1114112K
  class space    used 9811K, committed 10112K, reserved 1048576K
}
Event: 16.946 GC heap before
{Heap before GC invocations=24 (full 0):
 garbage-first heap   total 165888K, used 125831K [0x0000000080000000, 0x0000000100000000)
  region size 1024K, 36 young (36864K), 7 survivors (7168K)
 Metaspace       used 72595K, committed 73280K, reserved 1114112K
  class space    used 10184K, committed 10496K, reserved 1048576K
}
Event: 16.950 GC heap after
{Heap after GC invocations=25 (full 0):
 garbage-first heap   total 165888K, used 98088K [0x0000000080000000, 0x0000000100000000)
  region size 1024K, 2 young (2048K), 2 survivors (2048K)
 Metaspace       used 72595K, committed 73280K, reserved 1114112K
  class space    used 10184K, committed 10496K, reserved 1048576K
}
Event: 17.571 GC heap before
{Heap before GC invocations=25 (full 0):
 garbage-first heap   total 165888K, used 134952K [0x0000000080000000, 0x0000000100000000)
  region size 1024K, 38 young (38912K), 2 survivors (2048K)
 Metaspace       used 76679K, committed 77504K, reserved 1179648K
  class space    used 10685K, committed 11072K, reserved 1048576K
}
Event: 17.574 GC heap after
{Heap after GC invocations=26 (full 0):
 garbage-first heap   total 165888K, used 99033K [0x0000000080000000, 0x0000000100000000)
  region size 1024K, 3 young (3072K), 3 survivors (3072K)
 Metaspace       used 76679K, committed 77504K, reserved 1179648K
  class space    used 10685K, committed 11072K, reserved 1048576K
}
Event: 18.080 GC heap before
{Heap before GC invocations=26 (full 0):
 garbage-first heap   total 165888K, used 143065K [0x0000000080000000, 0x0000000100000000)
  region size 1024K, 40 young (40960K), 3 survivors (3072K)
 Metaspace       used 79591K, committed 80320K, reserved 1179648K
  class space    used 11100K, committed 11456K, reserved 1048576K
}
Event: 18.085 GC heap after
{Heap after GC invocations=27 (full 0):
 garbage-first heap   total 165888K, used 103329K [0x0000000080000000, 0x0000000100000000)
  region size 1024K, 5 young (5120K), 5 survivors (5120K)
 Metaspace       used 79591K, committed 80320K, reserved 1179648K
  class space    used 11100K, committed 11456K, reserved 1048576K
}
Event: 18.459 GC heap before
{Heap before GC invocations=27 (full 0):
 garbage-first heap   total 165888K, used 137121K [0x0000000080000000, 0x0000000100000000)
  region size 1024K, 38 young (38912K), 5 survivors (5120K)
 Metaspace       used 82129K, committed 82880K, reserved 1179648K
  class space    used 11437K, committed 11776K, reserved 1048576K
}
Event: 18.465 GC heap after
{Heap after GC invocations=28 (full 0):
 garbage-first heap   total 165888K, used 105591K [0x0000000080000000, 0x0000000100000000)
  region size 1024K, 3 young (3072K), 3 survivors (3072K)
 Metaspace       used 82129K, committed 82880K, reserved 1179648K
  class space    used 11437K, committed 11776K, reserved 1048576K
}
Event: 19.113 GC heap before
{Heap before GC invocations=28 (full 0):
 garbage-first heap   total 165888K, used 141431K [0x0000000080000000, 0x0000000100000000)
  region size 1024K, 34 young (34816K), 3 survivors (3072K)
 Metaspace       used 84666K, committed 85440K, reserved 1179648K
  class space    used 11807K, committed 12160K, reserved 1048576K
}
Event: 19.117 GC heap after
{Heap after GC invocations=29 (full 0):
 garbage-first heap   total 165888K, used 111141K [0x0000000080000000, 0x0000000100000000)
  region size 1024K, 4 young (4096K), 4 survivors (4096K)
 Metaspace       used 84666K, committed 85440K, reserved 1179648K
  class space    used 11807K, committed 12160K, reserved 1048576K
}
Event: 19.405 GC heap before
{Heap before GC invocations=29 (full 0):
 garbage-first heap   total 165888K, used 139813K [0x0000000080000000, 0x0000000100000000)
  region size 1024K, 32 young (32768K), 4 survivors (4096K)
 Metaspace       used 87877K, committed 88640K, reserved 1179648K
  class space    used 12242K, committed 12608K, reserved 1048576K
}
Event: 19.410 GC heap after
{Heap after GC invocations=30 (full 0):
 garbage-first heap   total 165888K, used 112617K [0x0000000080000000, 0x0000000100000000)
  region size 1024K, 4 young (4096K), 4 survivors (4096K)
 Metaspace       used 87877K, committed 88640K, reserved 1179648K
  class space    used 12242K, committed 12608K, reserved 1048576K
}
Event: 19.698 GC heap before
{Heap before GC invocations=30 (full 0):
 garbage-first heap   total 165888K, used 139241K [0x0000000080000000, 0x0000000100000000)
  region size 1024K, 30 young (30720K), 4 survivors (4096K)
 Metaspace       used 89932K, committed 90688K, reserved 1179648K
  class space    used 12539K, committed 12864K, reserved 1048576K
}
Event: 19.702 GC heap after
{Heap after GC invocations=31 (full 0):
 garbage-first heap   total 165888K, used 114404K [0x0000000080000000, 0x0000000100000000)
  region size 1024K, 4 young (4096K), 4 survivors (4096K)
 Metaspace       used 89932K, committed 90688K, reserved 1179648K
  class space    used 12539K, committed 12864K, reserved 1048576K
}
Event: 19.961 GC heap before
{Heap before GC invocations=31 (full 0):
 garbage-first heap   total 165888K, used 138980K [0x0000000080000000, 0x0000000100000000)
  region size 1024K, 29 young (29696K), 4 survivors (4096K)
 Metaspace       used 90785K, committed 91584K, reserved 1179648K
  class space    used 12639K, committed 12992K, reserved 1048576K
}
Event: 19.967 GC heap after
{Heap after GC invocations=32 (full 0):
 garbage-first heap   total 165888K, used 117552K [0x0000000080000000, 0x0000000100000000)
  region size 1024K, 4 young (4096K), 4 survivors (4096K)
 Metaspace       used 90785K, committed 91584K, reserved 1179648K
  class space    used 12639K, committed 12992K, reserved 1048576K
}

Dll operation events (3 events):
Event: 0.016 Loaded shared library C:\Program Files\Android\Android Studio\jbr\bin\java.dll
Event: 0.141 Loaded shared library C:\Program Files\Android\Android Studio\jbr\bin\zip.dll
Event: 0.447 Loaded shared library C:\Program Files\Android\Android Studio\jbr\bin\verify.dll

Deoptimization events (20 events):
Event: 19.944 Thread 0x0000020a779cd700 Uncommon trap: trap_request=0xffffffde fr.pc=0x0000020a63944e30 relative=0x0000000000000190
Event: 19.944 Thread 0x0000020a779cd700 Uncommon trap: reason=class_check action=maybe_recompile pc=0x0000020a63944e30 method=com.google.common.base.Objects.equal(Ljava/lang/Object;Ljava/lang/Object;)Z @ 11 c2
Event: 19.944 Thread 0x0000020a779cd700 DEOPT PACKING pc=0x0000020a63944e30 sp=0x00000051fe7f7710
Event: 19.944 Thread 0x0000020a779cd700 DEOPT UNPACKING pc=0x0000020a631e69a3 sp=0x00000051fe7f76b8 mode 2
Event: 19.944 Thread 0x0000020a779cd700 Uncommon trap: trap_request=0xffffffde fr.pc=0x0000020a63944e30 relative=0x0000000000000190
Event: 19.944 Thread 0x0000020a779cd700 Uncommon trap: reason=class_check action=maybe_recompile pc=0x0000020a63944e30 method=com.google.common.base.Objects.equal(Ljava/lang/Object;Ljava/lang/Object;)Z @ 11 c2
Event: 19.944 Thread 0x0000020a779cd700 DEOPT PACKING pc=0x0000020a63944e30 sp=0x00000051fe7f7630
Event: 19.944 Thread 0x0000020a779cd700 DEOPT UNPACKING pc=0x0000020a631e69a3 sp=0x00000051fe7f75d8 mode 2
Event: 19.944 Thread 0x0000020a779cd700 Uncommon trap: trap_request=0xffffffde fr.pc=0x0000020a63944e30 relative=0x0000000000000190
Event: 19.944 Thread 0x0000020a779cd700 Uncommon trap: reason=class_check action=maybe_recompile pc=0x0000020a63944e30 method=com.google.common.base.Objects.equal(Ljava/lang/Object;Ljava/lang/Object;)Z @ 11 c2
Event: 19.944 Thread 0x0000020a779cd700 DEOPT PACKING pc=0x0000020a63944e30 sp=0x00000051fe7f7710
Event: 19.944 Thread 0x0000020a779cd700 DEOPT UNPACKING pc=0x0000020a631e69a3 sp=0x00000051fe7f76b8 mode 2
Event: 19.980 Thread 0x0000020a7771f940 Uncommon trap: trap_request=0xffffffbe fr.pc=0x0000020a63bf0ca0 relative=0x0000000000000280
Event: 19.980 Thread 0x0000020a7771f940 Uncommon trap: reason=profile_predicate action=maybe_recompile pc=0x0000020a63bf0ca0 method=java.util.Collections.indexedBinarySearch(Ljava/util/List;Ljava/lang/Object;)I @ 13 c2
Event: 19.980 Thread 0x0000020a7771f940 DEOPT PACKING pc=0x0000020a63bf0ca0 sp=0x00000051febfe0b0
Event: 19.980 Thread 0x0000020a7771f940 DEOPT UNPACKING pc=0x0000020a631e69a3 sp=0x00000051febfe030 mode 2
Event: 19.981 Thread 0x0000020a779cd700 Uncommon trap: trap_request=0xffffffde fr.pc=0x0000020a63a74d2c relative=0x0000000000000e2c
Event: 19.981 Thread 0x0000020a779cd700 Uncommon trap: reason=class_check action=maybe_recompile pc=0x0000020a63a74d2c method=org.gradle.internal.snapshot.ChildMap$Entry.handleAncestorDescendantOrExactMatch(Lorg/gradle/internal/snapshot/VfsRelativePath;Lorg/gradle/internal/snapshot/CaseSensitiv
Event: 19.981 Thread 0x0000020a779cd700 DEOPT PACKING pc=0x0000020a63a74d2c sp=0x00000051fe7f4320
Event: 19.981 Thread 0x0000020a779cd700 DEOPT UNPACKING pc=0x0000020a631e69a3 sp=0x00000051fe7f4308 mode 2

Classes unloaded (0 events):
No events

Classes redefined (0 events):
No events

Internal exceptions (20 events):
Event: 18.965 Thread 0x0000020a779cd700 Exception <a 'java/lang/NoSuchMethodError'{0x0000000088d962e0}: static Lorg/jetbrains/kotlin/gradle/plugin/internal/CompatibilityConventionRegistrarG81$Factory;.<clinit>()V> (0x0000000088d962e0) 
thrown [s\src\hotspot\share\prims\jni.cpp, line 1108]
Event: 18.967 Thread 0x0000020a779cd700 Exception <a 'java/lang/NoSuchMethodError'{0x0000000088dbb610}: static Lorg/jetbrains/kotlin/gradle/plugin/internal/DefaultArtifactTypeAttributeAccessorVariantFactory;.<clinit>()V> (0x0000000088dbb610) 
thrown [s\src\hotspot\share\prims\jni.cpp, line 1108]
Event: 18.969 Thread 0x0000020a779cd700 Exception <a 'java/lang/NoSuchMethodError'{0x0000000088dd8430}: static Lorg/jetbrains/kotlin/gradle/plugin/internal/MavenPluginConfigurator$DefaultMavenPluginConfiguratorVariantFactory;.<clinit>()V> (0x0000000088dd8430) 
thrown [s\src\hotspot\share\prims\jni.cpp, line 1108]
Event: 18.971 Thread 0x0000020a779cd700 Exception <a 'java/lang/NoSuchMethodError'{0x0000000088df42c0}: static Lorg/jetbrains/kotlin/gradle/plugin/internal/DefaultJavaSourceSetsAccessorVariantFactory;.<clinit>()V> (0x0000000088df42c0) 
thrown [s\src\hotspot\share\prims\jni.cpp, line 1108]
Event: 18.972 Thread 0x0000020a779cd700 Exception <a 'java/lang/NoSuchMethodError'{0x0000000088c0fd78}: static Lorg/jetbrains/kotlin/gradle/targets/js/nodejs/DefaultUnameExecutorVariantFactory;.<clinit>()V> (0x0000000088c0fd78) 
thrown [s\src\hotspot\share\prims\jni.cpp, line 1108]
Event: 18.973 Thread 0x0000020a779cd700 Exception <a 'java/lang/NoSuchMethodError'{0x0000000088c2bee8}: static Lorg/jetbrains/kotlin/gradle/plugin/internal/DefaultBasePluginConfigurationVariantFactory;.<clinit>()V> (0x0000000088c2bee8) 
thrown [s\src\hotspot\share\prims\jni.cpp, line 1108]
Event: 18.975 Thread 0x0000020a779cd700 Exception <a 'java/lang/NoSuchMethodError'{0x0000000088c475c8}: static Lorg/jetbrains/kotlin/gradle/plugin/internal/DefaultIdeaSyncDetectorVariantFactory;.<clinit>()V> (0x0000000088c475c8) 
thrown [s\src\hotspot\share\prims\jni.cpp, line 1108]
Event: 18.977 Thread 0x0000020a779cd700 Exception <a 'java/lang/NoSuchMethodError'{0x0000000088c641a0}: static Lorg/jetbrains/kotlin/gradle/plugin/internal/DefaultKotlinTestReportCompatibilityHelperVariantFactory;.<clinit>()V> (0x0000000088c641a0) 
thrown [s\src\hotspot\share\prims\jni.cpp, line 1108]
Event: 19.721 Thread 0x0000020a779cd700 Exception <a 'java/lang/ClassNotFoundException'{0x000000008d1286a8}: org/jetbrains/kotlin/gradle/targets/js/npm/DefaultNpmDependencyExtensionBeanInfo> (0x000000008d1286a8) 
thrown [s\src\hotspot\share\classfile\systemDictionary.cpp, line 256]
Event: 19.721 Thread 0x0000020a779cd700 Exception <a 'java/lang/ClassNotFoundException'{0x000000008d133ec8}: org/jetbrains/kotlin/gradle/targets/js/npm/DefaultNpmDependencyExtensionCustomizer> (0x000000008d133ec8) 
thrown [s\src\hotspot\share\classfile\systemDictionary.cpp, line 256]
Event: 19.725 Thread 0x0000020a779cd700 Exception <a 'java/lang/ClassNotFoundException'{0x000000008d1b63c0}: org/jetbrains/kotlin/gradle/targets/js/npm/NpmDependencyExtensionKt$defaultNpmDependencyDelegate$1BeanInfo> (0x000000008d1b63c0) 
thrown [s\src\hotspot\share\classfile\systemDictionary.cpp, line 256]
Event: 19.726 Thread 0x0000020a779cd700 Exception <a 'java/lang/ClassNotFoundException'{0x000000008d1c1c28}: org/jetbrains/kotlin/gradle/targets/js/npm/NpmDependencyExtensionDelegateBeanInfo> (0x000000008d1c1c28) 
thrown [s\src\hotspot\share\classfile\systemDictionary.cpp, line 256]
Event: 19.726 Thread 0x0000020a779cd700 Exception <a 'java/lang/ClassNotFoundException'{0x000000008d1cd458}: org/jetbrains/kotlin/gradle/targets/js/npm/NpmDependencyExtensionDelegateCustomizer> (0x000000008d1cd458) 
thrown [s\src\hotspot\share\classfile\systemDictionary.cpp, line 256]
Event: 19.727 Thread 0x0000020a779cd700 Exception <a 'java/lang/ClassNotFoundException'{0x000000008d1edc18}: org/jetbrains/kotlin/gradle/targets/js/npm/NpmDependencyExtensionKt$defaultNpmDependencyDelegate$1Customizer> (0x000000008d1edc18) 
thrown [s\src\hotspot\share\classfile\systemDictionary.cpp, line 256]
Event: 19.729 Thread 0x0000020a779cd700 Exception <a 'java/lang/ClassNotFoundException'{0x000000008d028a28}: org/jetbrains/kotlin/gradle/targets/js/npm/DefaultDevNpmDependencyExtensionBeanInfo> (0x000000008d028a28) 
thrown [s\src\hotspot\share\classfile\systemDictionary.cpp, line 256]
Event: 19.729 Thread 0x0000020a779cd700 Exception <a 'java/lang/ClassNotFoundException'{0x000000008d034260}: org/jetbrains/kotlin/gradle/targets/js/npm/DefaultDevNpmDependencyExtensionCustomizer> (0x000000008d034260) 
thrown [s\src\hotspot\share\classfile\systemDictionary.cpp, line 256]
Event: 19.732 Thread 0x0000020a779cd700 Exception <a 'java/lang/ClassNotFoundException'{0x000000008d0714e0}: org/jetbrains/kotlin/gradle/targets/js/npm/DefaultPeerNpmDependencyExtensionBeanInfo> (0x000000008d0714e0) 
thrown [s\src\hotspot\share\classfile\systemDictionary.cpp, line 256]
Event: 19.732 Thread 0x0000020a779cd700 Exception <a 'java/lang/ClassNotFoundException'{0x000000008d07cd48}: org/jetbrains/kotlin/gradle/targets/js/npm/DefaultPeerNpmDependencyExtensionCustomizer> (0x000000008d07cd48) 
thrown [s\src\hotspot\share\classfile\systemDictionary.cpp, line 256]
Event: 19.734 Thread 0x0000020a779cd700 Exception <a 'java/lang/ClassNotFoundException'{0x000000008d0c3e48}: org/jetbrains/kotlin/gradle/targets/js/npm/DefaultPeerNpmDependencyExtension$delegate$1BeanInfo> (0x000000008d0c3e48) 
thrown [s\src\hotspot\share\classfile\systemDictionary.cpp, line 256]
Event: 19.735 Thread 0x0000020a779cd700 Exception <a 'java/lang/ClassNotFoundException'{0x000000008d0cf898}: org/jetbrains/kotlin/gradle/targets/js/npm/DefaultPeerNpmDependencyExtension$delegate$1Customizer> (0x000000008d0cf898) 
thrown [s\src\hotspot\share\classfile\systemDictionary.cpp, line 256]

VM Operations (20 events):
Event: 16.946 Executing VM operation: G1CollectForAllocation
Event: 16.950 Executing VM operation: G1CollectForAllocation done
Event: 17.571 Executing VM operation: G1CollectForAllocation
Event: 17.574 Executing VM operation: G1CollectForAllocation done
Event: 17.765 Executing VM operation: HandshakeAllThreads
Event: 17.765 Executing VM operation: HandshakeAllThreads done
Event: 18.079 Executing VM operation: G1CollectForAllocation
Event: 18.085 Executing VM operation: G1CollectForAllocation done
Event: 18.459 Executing VM operation: G1CollectForAllocation
Event: 18.465 Executing VM operation: G1CollectForAllocation done
Event: 19.085 Executing VM operation: HandshakeAllThreads
Event: 19.085 Executing VM operation: HandshakeAllThreads done
Event: 19.113 Executing VM operation: G1CollectForAllocation
Event: 19.117 Executing VM operation: G1CollectForAllocation done
Event: 19.405 Executing VM operation: G1CollectForAllocation
Event: 19.410 Executing VM operation: G1CollectForAllocation done
Event: 19.698 Executing VM operation: G1CollectForAllocation
Event: 19.703 Executing VM operation: G1CollectForAllocation done
Event: 19.961 Executing VM operation: G1CollectForAllocation
Event: 19.967 Executing VM operation: G1CollectForAllocation done

Events (20 events):
Event: 18.480 loading class sun/reflect/annotation/AnnotationInvocationHandler$1 done
Event: 18.605 loading class java/time/format/DateTimeFormatterBuilder$WeekBasedFieldPrinterParser
Event: 18.605 loading class java/time/format/DateTimeFormatterBuilder$WeekBasedFieldPrinterParser done
Event: 18.617 loading class com/sun/jmx/mbeanserver/StandardMBeanSupport
Event: 18.617 loading class com/sun/jmx/mbeanserver/StandardMBeanSupport done
Event: 18.617 loading class com/sun/jmx/mbeanserver/StandardMBeanIntrospector
Event: 18.631 loading class com/sun/jmx/mbeanserver/StandardMBeanIntrospector done
Event: 18.662 Thread 0x0000020a76ee8c10 Thread added: 0x0000020a76ee8c10
Event: 18.933 Thread 0x0000020a761bdec0 Thread exited: 0x0000020a761bdec0
Event: 18.957 loading class java/io/ObjectOutputStream$BlockDataOutputStream
Event: 18.957 loading class java/io/ObjectOutputStream$BlockDataOutputStream done
Event: 18.957 loading class java/io/ObjectOutputStream$HandleTable
Event: 18.958 loading class java/io/ObjectOutputStream$HandleTable done
Event: 18.958 loading class java/io/ObjectOutputStream$ReplaceTable
Event: 18.958 loading class java/io/ObjectOutputStream$ReplaceTable done
Event: 18.995 loading class java/nio/channels/Channels$1
Event: 18.995 loading class java/nio/channels/Channels$1 done
Event: 19.410 Thread 0x0000020a761bedf0 Thread added: 0x0000020a761bedf0
Event: 19.423 loading class java/util/ArrayList$SubList$1
Event: 19.423 loading class java/util/ArrayList$SubList$1 done


Dynamic libraries:
0x00007ff7d7de0000 - 0x00007ff7d7dea000 	C:\Program Files\Android\Android Studio\jbr\bin\java.exe
0x00007ff99c010000 - 0x00007ff99c208000 	C:\WINDOWS\SYSTEM32\ntdll.dll
0x00007ff99ac90000 - 0x00007ff99ad52000 	C:\WINDOWS\System32\KERNEL32.DLL
0x00007ff999b70000 - 0x00007ff999e66000 	C:\WINDOWS\System32\KERNELBASE.dll
0x00007ff999780000 - 0x00007ff999880000 	C:\WINDOWS\System32\ucrtbase.dll
0x00007ff991670000 - 0x00007ff991687000 	C:\Program Files\Android\Android Studio\jbr\bin\jli.dll
0x00007ff99bd10000 - 0x00007ff99bead000 	C:\WINDOWS\System32\USER32.dll
0x00007ff99a010000 - 0x00007ff99a032000 	C:\WINDOWS\System32\win32u.dll
0x00007ff99ab20000 - 0x00007ff99ab4b000 	C:\WINDOWS\System32\GDI32.dll
0x00007ff999e70000 - 0x00007ff999f89000 	C:\WINDOWS\System32\gdi32full.dll
0x00007ff998d10000 - 0x00007ff998fab000 	C:\WINDOWS\WinSxS\amd64_microsoft.windows.common-controls_6595b64144ccf1df_6.0.19041.6280_none_60bc30a171f2f3f3\COMCTL32.dll
0x00007ff9996e0000 - 0x00007ff99977d000 	C:\WINDOWS\System32\msvcp_win.dll
0x00007ff992130000 - 0x00007ff99214b000 	C:\Program Files\Android\Android Studio\jbr\bin\VCRUNTIME140.dll
0x00007ff99a9d0000 - 0x00007ff99aa6e000 	C:\WINDOWS\System32\msvcrt.dll
0x00007ff99a7d0000 - 0x00007ff99a7ff000 	C:\WINDOWS\System32\IMM32.DLL
0x00007ff995da0000 - 0x00007ff995dac000 	C:\Program Files\Android\Android Studio\jbr\bin\vcruntime140_1.dll
0x00007ff95b8a0000 - 0x00007ff95b92d000 	C:\Program Files\Android\Android Studio\jbr\bin\msvcp140.dll
0x00007ff94c100000 - 0x00007ff94cd80000 	C:\Program Files\Android\Android Studio\jbr\bin\server\jvm.dll
0x00007ff99ab50000 - 0x00007ff99ac01000 	C:\WINDOWS\System32\ADVAPI32.dll
0x00007ff99aa80000 - 0x00007ff99ab1f000 	C:\WINDOWS\System32\sechost.dll
0x00007ff99beb0000 - 0x00007ff99bfd0000 	C:\WINDOWS\System32\RPCRT4.dll
0x00007ff9996b0000 - 0x00007ff9996d7000 	C:\WINDOWS\System32\bcrypt.dll
0x00007ff994820000 - 0x00007ff994829000 	C:\WINDOWS\SYSTEM32\WSOCK32.dll
0x00007ff99b530000 - 0x00007ff99b59b000 	C:\WINDOWS\System32\WS2_32.dll
0x00007ff990870000 - 0x00007ff990897000 	C:\WINDOWS\SYSTEM32\WINMM.dll
0x00007ff993160000 - 0x00007ff99316a000 	C:\WINDOWS\SYSTEM32\VERSION.dll
0x00007ff9966e0000 - 0x00007ff9966f2000 	C:\WINDOWS\SYSTEM32\kernel.appcore.dll
0x00007ff994810000 - 0x00007ff99481a000 	C:\Program Files\Android\Android Studio\jbr\bin\jimage.dll
0x00007ff999090000 - 0x00007ff999291000 	C:\WINDOWS\SYSTEM32\DBGHELP.DLL
0x00007ff998fd0000 - 0x00007ff999004000 	C:\WINDOWS\SYSTEM32\dbgcore.DLL
0x00007ff9999e0000 - 0x00007ff999a62000 	C:\WINDOWS\System32\bcryptPrimitives.dll
0x00007ff992a40000 - 0x00007ff992a4e000 	C:\Program Files\Android\Android Studio\jbr\bin\instrument.dll
0x00007ff9918c0000 - 0x00007ff9918e5000 	C:\Program Files\Android\Android Studio\jbr\bin\java.dll
0x00007ff992350000 - 0x00007ff992368000 	C:\Program Files\Android\Android Studio\jbr\bin\zip.dll
0x00007ff99b5a0000 - 0x00007ff99bd10000 	C:\WINDOWS\System32\SHELL32.dll
0x00007ff9969e0000 - 0x00007ff997185000 	C:\WINDOWS\SYSTEM32\windows.storage.dll
0x00007ff99b120000 - 0x00007ff99b473000 	C:\WINDOWS\System32\combase.dll
0x00007ff998870000 - 0x00007ff99889b000 	C:\WINDOWS\SYSTEM32\Wldp.dll
0x00007ff99ad60000 - 0x00007ff99ae2d000 	C:\WINDOWS\System32\OLEAUT32.dll
0x00007ff99b480000 - 0x00007ff99b52d000 	C:\WINDOWS\System32\SHCORE.dll
0x00007ff99af70000 - 0x00007ff99afcb000 	C:\WINDOWS\System32\shlwapi.dll
0x00007ff9995e0000 - 0x00007ff999604000 	C:\WINDOWS\SYSTEM32\profapi.dll
0x00007ff992040000 - 0x00007ff992059000 	C:\Program Files\Android\Android Studio\jbr\bin\net.dll
0x00007ff992a70000 - 0x00007ff992b7a000 	C:\WINDOWS\SYSTEM32\WINHTTP.dll
0x00007ff998650000 - 0x00007ff9986ba000 	C:\WINDOWS\system32\mswsock.dll
0x00007ff9916d0000 - 0x00007ff9916e6000 	C:\Program Files\Android\Android Studio\jbr\bin\nio.dll
0x00007ff993fb0000 - 0x00007ff993fc0000 	C:\Program Files\Android\Android Studio\jbr\bin\verify.dll
0x00007ff993a80000 - 0x00007ff993aa7000 	C:\Users\EUNSEOKIM\.gradle\native\68d5fa5c4cc2d200863cafc0d521ce42e7d3e7ee720ec0a83991735586a16f82\windows-amd64\native-platform.dll
0x00007ff954780000 - 0x00007ff9548c4000 	C:\Users\EUNSEOKIM\.gradle\native\e376f236ea51e6404a007f0833ffe2c6e607c4080706a723a18a27aeea778392\windows-amd64\native-platform-file-events.dll
0x00007ff9939f0000 - 0x00007ff9939f9000 	C:\Program Files\Android\Android Studio\jbr\bin\management.dll
0x00007ff993130000 - 0x00007ff99313b000 	C:\Program Files\Android\Android Studio\jbr\bin\management_ext.dll
0x00007ff99a6e0000 - 0x00007ff99a6e8000 	C:\WINDOWS\System32\PSAPI.DLL
0x00007ff999420000 - 0x00007ff999438000 	C:\WINDOWS\SYSTEM32\CRYPTSP.dll
0x00007ff997ff0000 - 0x00007ff998028000 	C:\WINDOWS\system32\rsaenh.dll
0x00007ff9995a0000 - 0x00007ff9995ce000 	C:\WINDOWS\SYSTEM32\USERENV.dll
0x00007ff9987e0000 - 0x00007ff9987ec000 	C:\WINDOWS\SYSTEM32\CRYPTBASE.dll
0x00007ff998350000 - 0x00007ff99838b000 	C:\WINDOWS\SYSTEM32\IPHLPAPI.DLL
0x00007ff99aa70000 - 0x00007ff99aa78000 	C:\WINDOWS\System32\NSI.dll
0x00007ff993620000 - 0x00007ff993637000 	C:\WINDOWS\SYSTEM32\dhcpcsvc6.DLL
0x00007ff993600000 - 0x00007ff99361d000 	C:\WINDOWS\SYSTEM32\dhcpcsvc.DLL
0x00007ff998390000 - 0x00007ff99845a000 	C:\WINDOWS\SYSTEM32\DNSAPI.dll
0x00007ff993a60000 - 0x00007ff993a67000 	C:\WINDOWS\system32\wshunix.dll
0x00007ff990580000 - 0x00007ff99058a000 	C:\Windows\System32\rasadhlp.dll
0x00007ff98e100000 - 0x00007ff98e180000 	C:\WINDOWS\System32\fwpuclnt.dll

dbghelp: loaded successfully - version: 4.0.5 - missing functions: none
symbol engine: initialized successfully - sym options: 0x614 - pdb path: .;C:\Program Files\Android\Android Studio\jbr\bin;C:\WINDOWS\SYSTEM32;C:\WINDOWS\WinSxS\amd64_microsoft.windows.common-controls_6595b64144ccf1df_6.0.19041.6280_none_60bc30a171f2f3f3;C:\Program Files\Android\Android Studio\jbr\bin\server;C:\Users\EUNSEOKIM\.gradle\native\68d5fa5c4cc2d200863cafc0d521ce42e7d3e7ee720ec0a83991735586a16f82\windows-amd64;C:\Users\EUNSEOKIM\.gradle\native\e376f236ea51e6404a007f0833ffe2c6e607c4080706a723a18a27aeea778392\windows-amd64

VM Arguments:
jvm_args: --add-opens=java.base/java.util=ALL-UNNAMED --add-opens=java.base/java.lang=ALL-UNNAMED --add-opens=java.base/java.lang.invoke=ALL-UNNAMED --add-opens=java.prefs/java.util.prefs=ALL-UNNAMED --add-opens=java.base/java.nio.charset=ALL-UNNAMED --add-opens=java.base/java.net=ALL-UNNAMED --add-opens=java.base/java.util.concurrent.atomic=ALL-UNNAMED -Xmx2048m -Dfile.encoding=UTF-8 -Duser.country=KR -Duser.language=ko -Duser.variant -javaagent:C:\Users\EUNSEOKIM\.gradle\wrapper\dists\gradle-8.2-bin\bbg7u40eoinfdyxsxr3z4i7ta\gradle-8.2\lib\agents\gradle-instrumentation-agent-8.2.jar 
java_command: org.gradle.launcher.daemon.bootstrap.GradleDaemon 8.2
java_class_path (initial): C:\Users\EUNSEOKIM\.gradle\wrapper\dists\gradle-8.2-bin\bbg7u40eoinfdyxsxr3z4i7ta\gradle-8.2\lib\gradle-launcher-8.2.jar
Launcher Type: SUN_STANDARD

[Global flags]
     intx CICompilerCount                          = 3                                         {product} {ergonomic}
     uint ConcGCThreads                            = 1                                         {product} {ergonomic}
     uint G1ConcRefinementThreads                  = 4                                         {product} {ergonomic}
   size_t G1HeapRegionSize                         = 1048576                                   {product} {ergonomic}
    uintx GCDrainStackTargetSize                   = 64                                        {product} {ergonomic}
   size_t InitialHeapSize                          = 268435456                                 {product} {ergonomic}
   size_t MarkStackSize                            = 4194304                                   {product} {ergonomic}
   size_t MaxHeapSize                              = 2147483648                                {product} {command line}
   size_t MaxNewSize                               = 1287651328                                {product} {ergonomic}
   size_t MinHeapDeltaBytes                        = 1048576                                   {product} {ergonomic}
   size_t MinHeapSize                              = 8388608                                   {product} {ergonomic}
    uintx NonNMethodCodeHeapSize                   = 5832780                                {pd product} {ergonomic}
    uintx NonProfiledCodeHeapSize                  = 122912730                              {pd product} {ergonomic}
    uintx ProfiledCodeHeapSize                     = 122912730                              {pd product} {ergonomic}
    uintx ReservedCodeCacheSize                    = 251658240                              {pd product} {ergonomic}
     bool SegmentedCodeCache                       = true                                      {product} {ergonomic}
   size_t SoftMaxHeapSize                          = 2147483648                             {manageable} {ergonomic}
     bool UseCompressedClassPointers               = true                           {product lp64_product} {ergonomic}
     bool UseCompressedOops                        = true                           {product lp64_product} {ergonomic}
     bool UseG1GC                                  = true                                      {product} {ergonomic}
     bool UseLargePagesIndividualAllocation        = false                                  {pd product} {ergonomic}

Logging:
Log output configuration:
 #0: stdout all=warning uptime,level,tags
 #1: stderr all=off uptime,level,tags

Environment Variables:
PATH=C:\Windows\system32;C:\Windows;C:\Windows\System32\Wbem;C:\Windows\System32\WindowsPowerShell\v1.0\;C:\Windows\System32\OpenSSH\;C:\Program Files (x86)\NVIDIA Corporation\PhysX\Common;C:\Program Files\Common Files\Autodesk Shared\;C:\WINDOWS\system32;C:\WINDOWS;C:\WINDOWS\System32\Wbem;C:\WINDOWS\System32\WindowsPowerShell\v1.0\;C:\WINDOWS\System32\OpenSSH\;C:\Program Files\Git\cmd;C:\Users\EUNSEOKIM\AppData\Local\Microsoft\WindowsApps;
USERNAME=EUNSEOKIM
OS=Windows_NT
PROCESSOR_IDENTIFIER=Intel64 Family 6 Model 158 Stepping 9, GenuineIntel
TMP=C:\Users\EUNSEO~1\AppData\Local\Temp
TEMP=C:\Users\EUNSEO~1\AppData\Local\Temp


JNI global refs:
JNI global refs: 28, weak refs: 0

JNI global refs memory usage: 843, weak refs: 841

OOME stack traces (most recent first):
Classloader memory used:
Loader org.gradle.internal.classloader.VisitableURLClassLoader                         : 4898K
Loader bootstrap                                                                       : 3339K
Loader org.gradle.internal.classloader.VisitableURLClassLoader$InstrumentingVisitableURLClassLoader: 1669K
Loader org.gradle.initialization.MixInLegacyTypesClassLoader                           : 1304K
Loader jdk.internal.loader.ClassLoaders$PlatformClassLoader                            : 101847B
Loader org.gradle.internal.classloader.VisitableURLClassLoader                         : 73964B
Loader jdk.internal.reflect.DelegatingClassLoader                                      : 55667B
Loader jdk.internal.loader.ClassLoaders$AppClassLoader                                 : 28457B
Loader org.gradle.groovy.scripts.internal.DefaultScriptCompilationHandler$ScriptClassLoader: 11564B
Loader org.codehaus.groovy.runtime.callsite.CallSiteClassLoader                        : 6494B
Loader sun.reflect.misc.MethodUtil                                                     : 373B

Classes loaded by more than one classloader:
Class Program                                                                         : loaded 4 times (x 72B)
Class org.gradle.internal.Cast                                                        : loaded 3 times (x 69B)
Class org.gradle.api.GradleException                                                  : loaded 3 times (x 80B)
Class org.objectweb.asm.ModuleVisitor                                                 : loaded 2 times (x 78B)
Class org.jetbrains.plugins.gradle.model.MavenRepositoryModel                         : loaded 2 times (x 68B)
Class [Lcom.google.common.collect.AbstractMapEntry;                                   : loaded 2 times (x 67B)
Class com.google.common.collect.SingletonImmutableList                                : loaded 2 times (x 167B)
Class com.google.common.cache.CacheLoader$SupplierToCacheLoader                       : loaded 2 times (x 73B)
Class org.gradle.internal.classpath.ClassPath                                         : loaded 2 times (x 68B)
Class com.google.common.cache.RemovalListener                                         : loaded 2 times (x 68B)
Class org.gradle.api.internal.classpath.DefaultModuleRegistry                         : loaded 2 times (x 84B)
Class Settings_gradle$1$1                                                             : loaded 2 times (x 72B)
Class com.google.common.collect.ImmutableEnumSet                                      : loaded 2 times (x 144B)
Class com.google.common.collect.ListMultimap                                          : loaded 2 times (x 68B)
Class com.google.common.base.CharMatcher$JavaDigit                                    : loaded 2 times (x 109B)
Class com.google.common.base.CharMatcher$Digit                                        : loaded 2 times (x 110B)
Class com.google.common.collect.AbstractMultimap                                      : loaded 2 times (x 121B)
Class com.intellij.openapi.externalSystem.model.ExternalSystemException               : loaded 2 times (x 84B)
Class com.google.common.cache.CacheBuilder$OneWeigher                                 : loaded 2 times (x 80B)
Class org.gradle.api.Action                                                           : loaded 2 times (x 68B)
Class org.jetbrains.kotlin.idea.gradleTooling.model.samWithReceiver.SamWithReceiverModel: loaded 2 times (x 68B)
Class com.google.common.collect.ImmutableEntry                                        : loaded 2 times (x 80B)
Class com.google.common.collect.Lists$StringAsImmutableList                           : loaded 2 times (x 167B)
Class org.jetbrains.plugins.gradle.model.ExternalProject                              : loaded 2 times (x 68B)
Class com.google.common.cache.LocalCache$StrongEntry                                  : loaded 2 times (x 106B)
Class org.jetbrains.plugins.gradle.model.IntelliJSettings                             : loaded 2 times (x 68B)
Class org.objectweb.asm.FieldWriter                                                   : loaded 2 times (x 75B)
Class com.google.common.base.CharMatcher                                              : loaded 2 times (x 109B)
Class com.google.common.base.CharMatcher$IsNot                                        : loaded 2 times (x 109B)
Class org.jetbrains.kotlin.tooling.core.Extras                                        : loaded 2 times (x 68B)
Class com.google.common.base.Splitter                                                 : loaded 2 times (x 70B)
Class [Lcom.google.common.cache.Weigher;                                              : loaded 2 times (x 67B)
Class com.google.common.collect.Iterators$ArrayItr                                    : loaded 2 times (x 95B)
Class com.google.common.cache.LocalCache$Segment                                      : loaded 2 times (x 152B)
Class org.jetbrains.kotlin.idea.gradleTooling.KotlinMPPGradleModel                    : loaded 2 times (x 68B)
Class org.gradle.api.internal.DefaultClassPathProvider                                : loaded 2 times (x 74B)
Class org.gradle.internal.installation.GradleInstallation$1                           : loaded 2 times (x 73B)
Class com.google.common.cache.LocalCache$AbstractReferenceEntry                       : loaded 2 times (x 105B)
Class org.objectweb.asm.Type                                                          : loaded 2 times (x 70B)
Class com.google.common.util.concurrent.AbstractFuture$Failure                        : loaded 2 times (x 70B)
Class com.google.common.base.CharMatcher$BitSetMatcher                                : loaded 2 times (x 110B)
Class com.google.common.collect.ImmutableMap$IteratorBasedImmutableMap                : loaded 2 times (x 123B)
Class org.gradle.internal.exceptions.DefaultMultiCauseException                       : loaded 2 times (x 85B)
Class com.google.common.collect.ImmutableMap                                          : loaded 2 times (x 118B)
Class com.google.common.base.Converter                                                : loaded 2 times (x 88B)
Class org.gradle.tooling.model.UnsupportedMethodException                             : loaded 2 times (x 80B)
Class sync_studio_tooling5_4wformyj2ju3q7nzfz6vhhcw2$_run_closure1                    : loaded 2 times (x 134B)
Class com.google.common.collect.ImmutableSet$EmptySetBuilderImpl                      : loaded 2 times (x 74B)
Class com.google.common.base.Equivalence                                              : loaded 2 times (x 80B)
Class com.google.common.primitives.Ints                                               : loaded 2 times (x 69B)
Class com.google.common.cache.LocalCache$EntryFactory$1                               : loaded 2 times (x 81B)
Class com.google.common.cache.LocalCache$EntryFactory$2                               : loaded 2 times (x 81B)
Class com.google.common.cache.LocalCache$EntryFactory$3                               : loaded 2 times (x 81B)
Class com.google.common.cache.LocalCache$EntryFactory$4                               : loaded 2 times (x 81B)
Class com.google.common.cache.LocalCache$EntryFactory$5                               : loaded 2 times (x 81B)
Class com.google.common.cache.LocalCache$EntryFactory$6                               : loaded 2 times (x 81B)
Class com.google.common.cache.LocalCache$EntryFactory$7                               : loaded 2 times (x 81B)
Class org.gradle.internal.time.MonotonicClock                                         : loaded 2 times (x 75B)
Class com.google.common.cache.LocalCache$EntryFactory$8                               : loaded 2 times (x 81B)
Class com.google.common.base.Predicate                                                : loaded 2 times (x 68B)
Class com.google.common.cache.LocalCache$StrongValueReference                         : loaded 2 times (x 88B)
Class org.gradle.internal.classloader.FilteringClassLoader                            : loaded 2 times (x 102B)
Class com.google.common.collect.RegularImmutableSet                                   : loaded 2 times (x 146B)
Class org.gradle.tooling.model.Model                                                  : loaded 2 times (x 68B)
Class [Lcom.google.common.cache.LocalCache$Strength;                                  : loaded 2 times (x 67B)
Class org.gradle.internal.classpath.DefaultClassPath$ImmutableUniqueList$Builder      : loaded 2 times (x 73B)
Class com.google.common.collect.Maps$8                                                : loaded 2 times (x 80B)
Class com.google.common.base.PatternCompiler                                          : loaded 2 times (x 68B)
Class [Lcom.google.common.cache.CacheBuilder$NullListener;                            : loaded 2 times (x 67B)
Class com.google.common.base.CharMatcher$InRange                                      : loaded 2 times (x 109B)
Class org.jetbrains.kotlin.idea.gradleTooling.KotlinSourceSetContainer                : loaded 2 times (x 68B)
Class com.google.common.collect.Sets$SetView                                          : loaded 2 times (x 136B)
Class com.google.common.collect.BiMap                                                 : loaded 2 times (x 68B)
Class com.google.common.collect.Lists                                                 : loaded 2 times (x 69B)
Class org.objectweb.asm.AnnotationWriter                                              : loaded 2 times (x 76B)
Class com.google.common.math.IntMath$1                                                : loaded 2 times (x 69B)
Class org.gradle.internal.classloader.ClassLoaderVisitor                              : loaded 2 times (x 74B)
Class org.objectweb.asm.Label                                                         : loaded 2 times (x 71B)
Class com.google.common.cache.CacheBuilder$NullListener                               : loaded 2 times (x 80B)
Class com.google.common.math.MathPreconditions                                        : loaded 2 times (x 69B)
Class org.gradle.internal.time.DefaultCountdownTimer                                  : loaded 2 times (x 86B)
Class org.gradle.internal.service.DefaultServiceLocator                               : loaded 2 times (x 81B)
Class org.gradle.internal.service.UnknownServiceException                             : loaded 2 times (x 81B)
Class com.google.common.util.concurrent.AbstractFuture$SynchronizedHelper             : loaded 2 times (x 76B)
Class com.google.common.collect.ArrayListMultimap                                     : loaded 2 times (x 170B)
Class com.google.common.base.Strings                                                  : loaded 2 times (x 69B)
Class org.jetbrains.plugins.gradle.model.DependencyAccessorsModel                     : loaded 2 times (x 68B)
Class com.google.common.cache.CacheLoader$InvalidCacheLoadException                   : loaded 2 times (x 80B)
Class org.gradle.internal.classloader.DefaultClassLoaderFactory                       : loaded 2 times (x 80B)
Class com.google.common.collect.UnmodifiableIterator                                  : loaded 2 times (x 78B)
Class com.google.common.base.Stopwatch                                                : loaded 2 times (x 70B)
Class com.google.common.base.Platform$JdkPatternCompiler                              : loaded 2 times (x 73B)
Class com.google.common.cache.LocalCache$LoadingValueReference                        : loaded 2 times (x 94B)
Class com.google.common.base.CharMatcher$SingleWidth                                  : loaded 2 times (x 110B)
Class com.google.common.collect.Hashing                                               : loaded 2 times (x 69B)
Class org.jetbrains.plugins.gradle.model.GradleExtensions                             : loaded 2 times (x 68B)
Class com.google.common.base.JdkPattern                                               : loaded 2 times (x 73B)
Class com.google.common.collect.Multimap                                              : loaded 2 times (x 68B)
Class com.google.common.base.FunctionalEquivalence                                    : loaded 2 times (x 81B)
Class org.objectweb.asm.AnnotationVisitor                                             : loaded 2 times (x 75B)
Class org.objectweb.asm.RecordComponentWriter                                         : loaded 2 times (x 76B)
Class com.google.common.cache.LocalCache$1                                            : loaded 2 times (x 87B)
Class com.google.common.cache.LocalCache$2                                            : loaded 2 times (x 140B)
Class com.google.common.collect.RegularImmutableBiMap                                 : loaded 2 times (x 146B)
Class org.jetbrains.plugins.gradle.model.VersionCatalogsModel                         : loaded 2 times (x 68B)
Class org.gradle.internal.classloader.VisitableURLClassLoader$Spec                    : loaded 2 times (x 72B)
Class org.gradle.tooling.model.ProjectModel                                           : loaded 2 times (x 68B)
Class com.google.common.collect.Iterators$MergingIterator                             : loaded 2 times (x 79B)
Class com.google.common.base.CharMatcher$JavaLetterOrDigit                            : loaded 2 times (x 109B)
Class org.gradle.tooling.internal.gradle.DefaultProjectIdentifier                     : loaded 2 times (x 84B)
Class org.gradle.api.internal.classpath.ModuleRegistry                                : loaded 2 times (x 68B)
Class com.google.common.collect.ForwardingObject                                      : loaded 2 times (x 70B)
Class com.google.common.cache.CacheBuilder                                            : loaded 2 times (x 70B)
Class org.objectweb.asm.ByteVector                                                    : loaded 2 times (x 76B)
Class com.google.common.collect.ImmutableCollection                                   : loaded 2 times (x 123B)
Class org.jetbrains.plugins.gradle.model.RepositoriesModel                            : loaded 2 times (x 68B)
Class com.google.common.base.PairwiseEquivalence                                      : loaded 2 times (x 81B)
Class com.google.common.base.Ticker                                                   : loaded 2 times (x 70B)
Class kotlin.jvm.internal.markers.KMappedMarker                                       : loaded 2 times (x 68B)
Class org.gradle.api.internal.ClassPathProvider                                       : loaded 2 times (x 68B)
Class org.gradle.util.GradleVersion                                                   : loaded 2 times (x 81B)
Class com.google.common.collect.RegularImmutableMap$Values                            : loaded 2 times (x 167B)
Class org.objectweb.asm.ModuleWriter                                                  : loaded 2 times (x 79B)
Class org.gradle.internal.classloader.ClasspathUtil$1                                 : loaded 2 times (x 74B)
Class com.google.common.collect.ImmutableEnumMap                                      : loaded 2 times (x 123B)
Class com.google.common.collect.ForwardingMap                                         : loaded 2 times (x 130B)
Class com.google.common.collect.ImmutableList$ReverseImmutableList                    : loaded 2 times (x 168B)
Class [Lorg.jetbrains.kotlin.utils.DescriptionAware;                                  : loaded 2 times (x 67B)
Class com.google.common.cache.AbstractCache$StatsCounter                              : loaded 2 times (x 68B)
Class org.objectweb.asm.FieldVisitor                                                  : loaded 2 times (x 74B)
Class org.objectweb.asm.Symbol                                                        : loaded 2 times (x 71B)
Class com.google.common.cache.LocalCache$Strength$1                                   : loaded 2 times (x 79B)
Class com.google.common.cache.LocalCache$Strength$2                                   : loaded 2 times (x 79B)
Class com.google.common.cache.LocalCache$Strength$3                                   : loaded 2 times (x 79B)
Class org.gradle.internal.classloader.ClassLoaderFactory                              : loaded 2 times (x 68B)
Class com.google.common.collect.ObjectArrays                                          : loaded 2 times (x 69B)
Class com.google.common.util.concurrent.AbstractFuture$Waiter                         : loaded 2 times (x 70B)
Class com.google.common.util.concurrent.Uninterruptibles                              : loaded 2 times (x 69B)
Class com.google.common.collect.Iterators$10                                          : loaded 2 times (x 79B)
Class com.google.common.collect.ImmutableList                                         : loaded 2 times (x 166B)
Class org.gradle.api.internal.classpath.ManifestUtil                                  : loaded 2 times (x 69B)
Class org.gradle.api.specs.Spec                                                       : loaded 2 times (x 68B)
Class com.google.common.cache.CacheLoader$UnsupportedLoadingOperationException        : loaded 2 times (x 80B)
Class com.google.common.base.CharMatcher$Whitespace                                   : loaded 2 times (x 110B)
Class com.google.common.util.concurrent.ListenableFuture                              : loaded 2 times (x 68B)
Class org.gradle.tooling.internal.gradle.GradleBuildIdentity                          : loaded 2 times (x 68B)
Class com.google.common.collect.Iterators$1                                           : loaded 2 times (x 79B)
Class com.google.common.collect.Iterators$4                                           : loaded 2 times (x 80B)
Class com.google.common.collect.RegularImmutableMap$BucketOverflowException           : loaded 2 times (x 80B)
Class com.google.common.collect.Iterators$5                                           : loaded 2 times (x 80B)
Class com.google.common.util.concurrent.AbstractFuture$UnsafeAtomicHelper             : loaded 2 times (x 76B)
Class com.google.common.base.Joiner                                                   : loaded 2 times (x 77B)
Class com.google.common.base.Equivalence$Equals                                       : loaded 2 times (x 80B)
Class com.google.common.base.Preconditions                                            : loaded 2 times (x 69B)
Class com.google.common.base.Function                                                 : loaded 2 times (x 68B)
Class com.google.common.collect.Iterators$9                                           : loaded 2 times (x 79B)
Class org.gradle.internal.IoActions                                                   : loaded 2 times (x 69B)
Class com.google.common.cache.ReferenceEntry                                          : loaded 2 times (x 68B)
Class ijinit_9u0xyp353aipo8v2ks11fx361                                                : loaded 2 times (x 177B)
Class com.google.common.collect.RegularImmutableMap$KeySet                            : loaded 2 times (x 148B)
Class com.google.common.collect.CollectPreconditions                                  : loaded 2 times (x 69B)
Class com.google.common.primitives.IntsMethodsForWeb                                  : loaded 2 times (x 69B)
Class com.google.common.collect.Maps                                                  : loaded 2 times (x 69B)
Class com.google.common.collect.RegularImmutableMap                                   : loaded 2 times (x 119B)
Class com.google.common.collect.AbstractIndexedListIterator                           : loaded 2 times (x 94B)
Class com.google.common.base.CharMatcher$None                                         : loaded 2 times (x 110B)
Class org.gradle.api.internal.classpath.EffectiveClassPath                            : loaded 2 times (x 88B)
Class com.google.common.collect.UnmodifiableListIterator                              : loaded 2 times (x 93B)
Class kotlin.jvm.internal.DefaultConstructorMarker                                    : loaded 2 times (x 69B)
Class com.google.common.cache.CacheLoader$FunctionToCacheLoader                       : loaded 2 times (x 73B)
Class com.google.common.cache.CacheBuilder$1                                          : loaded 2 times (x 83B)
Class com.google.common.cache.CacheBuilder$2                                          : loaded 2 times (x 77B)
Class com.google.common.collect.ImmutableList$1                                       : loaded 2 times (x 95B)
Class com.google.common.base.Splitter$Strategy                                        : loaded 2 times (x 68B)
Class com.google.common.cache.CacheBuilder$3                                          : loaded 2 times (x 70B)
Class com.google.common.collect.ImmutableMapEntrySet$RegularEntrySet                  : loaded 2 times (x 149B)
Class [Lcom.google.common.cache.RemovalListener;                                      : loaded 2 times (x 67B)
Class [Lcom.google.common.collect.ImmutableMapEntry;                                  : loaded 2 times (x 67B)
Class org.jetbrains.kotlin.idea.gradleTooling.model.annotation.AnnotationBasedPluginModel: loaded 2 times (x 68B)
Class org.jetbrains.kotlin.idea.gradleTooling.model.assignment.AssignmentModel        : loaded 2 times (x 68B)
Class org.gradle.internal.installation.CurrentGradleInstallation                      : loaded 2 times (x 71B)
Class org.gradle.internal.agents.InstrumentingClassLoader                             : loaded 2 times (x 68B)
Class org.gradle.internal.installation.CurrentGradleInstallationLocator               : loaded 2 times (x 69B)
Class [Lcom.google.common.cache.LocalCache$Segment;                                   : loaded 2 times (x 67B)
Class org.gradle.api.internal.classpath.Module                                        : loaded 2 times (x 68B)
Class com.google.common.base.Splitter$1$1                                             : loaded 2 times (x 84B)
Class com.google.common.collect.ImmutableSet$JdkBackedSetBuilderImpl                  : loaded 2 times (x 74B)
Class [Lorg.jetbrains.kotlin.config.LanguageOrApiVersion;                             : loaded 2 times (x 67B)
Class com.google.common.collect.ImmutableSet$RegularSetBuilderImpl                    : loaded 2 times (x 75B)
Class [Lorg.objectweb.asm.AnnotationWriter;                                           : loaded 2 times (x 67B)
Class org.gradle.internal.service.CachingServiceLocator                               : loaded 2 times (x 80B)
Class org.gradle.internal.time.Timer                                                  : loaded 2 times (x 68B)
Class [Lcom.google.common.collect.ImmutableEntry;                                     : loaded 2 times (x 67B)
Class org.jetbrains.plugins.gradle.model.tests.ExternalTestsModel                     : loaded 2 times (x 68B)
Class org.jetbrains.kotlin.idea.gradleTooling.KotlinDslScriptAdditionalTask           : loaded 2 times (x 68B)
Class org.gradle.internal.classpath.DefaultClassPath                                  : loaded 2 times (x 88B)
Class com.google.common.util.concurrent.AbstractFuture$SetFuture                      : loaded 2 times (x 73B)
Class com.google.common.base.Splitter$SplittingIterator                               : loaded 2 times (x 82B)
Class com.intellij.openapi.externalSystem.model.project.dependencies.ProjectDependencies: loaded 2 times (x 68B)
Class com.google.common.cache.LocalCache$LocalManualCache$1                           : loaded 2 times (x 73B)
Class org.jetbrains.kotlin.idea.gradleTooling.PrepareKotlinIdeImportTaskModel         : loaded 2 times (x 68B)
Class org.gradle.internal.impldep.com.google.common.base.Preconditions                : loaded 2 times (x 69B)
Class kotlin.jvm.functions.Function1                                                  : loaded 2 times (x 68B)
Class org.objectweb.asm.SymbolTable$Entry                                             : loaded 2 times (x 72B)
Class [Lcom.google.common.cache.LocalCache$EntryFactory;                              : loaded 2 times (x 67B)
Class com.google.common.base.CharMatcher$Is                                           : loaded 2 times (x 109B)
Class com.google.common.base.Platform                                                 : loaded 2 times (x 69B)
Class com.google.common.collect.RegularImmutableAsList                                : loaded 2 times (x 176B)
Class com.google.common.collect.PeekingIterator                                       : loaded 2 times (x 68B)
Class org.gradle.internal.time.Time                                                   : loaded 2 times (x 69B)
Class org.gradle.internal.time.TimeSource$1                                           : loaded 2 times (x 75B)
Class com.google.common.collect.ImmutableMapEntrySet                                  : loaded 2 times (x 149B)
Class com.google.common.cache.CacheLoader                                             : loaded 2 times (x 72B)
Class com.google.common.collect.ImmutableBiMapFauxverideShim                          : loaded 2 times (x 118B)
Class org.objectweb.asm.MethodTooLargeException                                       : loaded 2 times (x 81B)
Class com.google.common.cache.Cache                                                   : loaded 2 times (x 68B)
Class org.gradle.internal.classloader.SystemClassLoaderSpec                           : loaded 2 times (x 69B)
Class com.google.common.util.concurrent.internal.InternalFutureFailureAccess          : loaded 2 times (x 70B)
Class com.google.common.base.Charsets                                                 : loaded 2 times (x 69B)
Class org.jetbrains.kotlin.utils.DescriptionAware                                     : loaded 2 times (x 68B)
Class com.google.common.primitives.Ints$IntConverter                                  : loaded 2 times (x 88B)
Class com.google.common.collect.SingletonImmutableSet                                 : loaded 2 times (x 144B)
Class [Lcom.google.common.base.AbstractIterator$State;                                : loaded 2 times (x 67B)
Class com.google.common.collect.ImmutableMap$Builder                                  : loaded 2 times (x 80B)
Class com.google.common.base.AbstractIterator                                         : loaded 2 times (x 78B)
Class org.objectweb.asm.ClassWriter                                                   : loaded 2 times (x 102B)
Class org.jetbrains.kotlin.config.LanguageVersion                                     : loaded 2 times (x 89B)
Class com.google.common.base.AbstractIterator$1                                       : loaded 2 times (x 69B)
Class [Lcom.google.common.cache.CacheBuilder$OneWeigher;                              : loaded 2 times (x 67B)
Class kotlin.Function                                                                 : loaded 2 times (x 68B)
Class com.google.common.collect.Iterators                                             : loaded 2 times (x 69B)
Class com.google.common.base.CharMatcher$1                                            : loaded 2 times (x 111B)
Class com.google.common.base.CharMatcher$Ascii                                        : loaded 2 times (x 110B)
Class com.google.common.cache.LocalCache$ComputingValueReference                      : loaded 2 times (x 94B)
Class org.gradle.api.UncheckedIOException                                             : loaded 2 times (x 80B)
Class com.google.common.base.CharMatcher$And                                          : loaded 2 times (x 110B)
Class com.google.common.collect.IndexedImmutableSet                                   : loaded 2 times (x 148B)
Class com.google.common.collect.IndexedImmutableSet$1                                 : loaded 2 times (x 172B)
Class com.google.common.collect.AbstractListMultimap                                  : loaded 2 times (x 170B)
Class com.google.common.base.CharMatcher$Any                                          : loaded 2 times (x 110B)
Class com.google.common.base.Ascii                                                    : loaded 2 times (x 69B)
Class com.google.common.cache.LocalCache$Strength                                     : loaded 2 times (x 79B)
Class com.google.common.collect.ArrayListMultimapGwtSerializationDependencies         : loaded 2 times (x 170B)
Class com.google.common.base.CharMatcher$RangesMatcher                                : loaded 2 times (x 110B)
Class org.objectweb.asm.Handler                                                       : loaded 2 times (x 70B)
Class org.gradle.tooling.internal.gradle.GradleProjectIdentity                        : loaded 2 times (x 68B)
Class com.google.common.collect.ImmutableList$SubList                                 : loaded 2 times (x 168B)
Class com.google.common.cache.LocalCache$ValueReference                               : loaded 2 times (x 68B)
Class org.gradle.internal.time.CountdownTimer                                         : loaded 2 times (x 68B)
Class org.gradle.internal.time.Clock                                                  : loaded 2 times (x 68B)
Class org.gradle.internal.classloader.ClasspathUtil                                   : loaded 2 times (x 69B)
Class org.objectweb.asm.CurrentFrame                                                  : loaded 2 times (x 71B)
Class com.google.common.util.concurrent.AbstractFuture                                : loaded 2 times (x 93B)
Class org.jetbrains.kotlin.tooling.core.HasMutableExtras                              : loaded 2 times (x 68B)
Class org.gradle.tooling.model.BuildIdentifier                                        : loaded 2 times (x 68B)
Class com.google.common.base.Splitter$1                                               : loaded 2 times (x 75B)
Class com.google.common.base.Ticker$1                                                 : loaded 2 times (x 70B)
Class com.google.common.collect.Maps$BiMapConverter                                   : loaded 2 times (x 88B)
Class org.gradle.api.internal.DefaultClassPathRegistry                                : loaded 2 times (x 74B)
Class org.jetbrains.kotlin.config.LanguageOrApiVersion                                : loaded 2 times (x 68B)
Class [Lorg.objectweb.asm.Symbol;                                                     : loaded 2 times (x 67B)
Class com.google.common.util.concurrent.AbstractFuture$Cancellation                   : loaded 2 times (x 70B)
Class com.google.common.collect.ImmutableSet$SetBuilderImpl                           : loaded 2 times (x 74B)
Class org.gradle.api.internal.classpath.DefaultModuleRegistry$DefaultModule           : loaded 2 times (x 84B)
Class com.google.common.base.CharMatcher$JavaIsoControl                               : loaded 2 times (x 110B)
Class com.google.common.collect.ImmutableMap$1                                        : loaded 2 times (x 79B)
Class com.google.common.base.CharMatcher$Or                                           : loaded 2 times (x 110B)
Class org.gradle.internal.time.TimeSource                                             : loaded 2 times (x 68B)
Class com.google.common.base.Suppliers$SupplierOfInstance                             : loaded 2 times (x 77B)
Class org.objectweb.asm.RecordComponentVisitor                                        : loaded 2 times (x 75B)
Class com.google.common.collect.Iterables                                             : loaded 2 times (x 69B)
Class org.jetbrains.kotlin.android.synthetic.idea.AndroidExtensionsGradleModel        : loaded 2 times (x 68B)
Class com.google.common.base.CharMatcher$JavaLowerCase                                : loaded 2 times (x 109B)
Class org.objectweb.asm.ClassTooLargeException                                        : loaded 2 times (x 81B)
Class org.jetbrains.kotlin.config.LanguageVersion$Companion                           : loaded 2 times (x 69B)
Class org.gradle.api.internal.classpath.UnknownModuleException                        : loaded 2 times (x 80B)
Class com.google.common.util.concurrent.AbstractFuture$Listener                       : loaded 2 times (x 70B)
Class org.objectweb.asm.Edge                                                          : loaded 2 times (x 70B)
Class com.google.common.collect.Maps$EntryTransformer                                 : loaded 2 times (x 68B)
Class com.google.common.collect.ImmutableCollection$Builder                           : loaded 2 times (x 74B)
Class sync_studio_tooling5_4wformyj2ju3q7nzfz6vhhcw2                                  : loaded 2 times (x 177B)
Class [Lorg.objectweb.asm.SymbolTable$Entry;                                          : loaded 2 times (x 67B)
Class com.google.common.collect.SingletonImmutableBiMap                               : loaded 2 times (x 141B)
Class com.google.common.base.CommonPattern                                            : loaded 2 times (x 72B)
Class com.google.common.base.Suppliers                                                : loaded 2 times (x 69B)
Class org.jetbrains.plugins.gradle.model.IntelliJProjectSettings                      : loaded 2 times (x 68B)
Class org.objectweb.asm.ClassVisitor                                                  : loaded 2 times (x 85B)
Class com.google.common.cache.LoadingCache                                            : loaded 2 times (x 68B)
Class org.gradle.internal.service.ServiceLookupException                              : loaded 2 times (x 80B)
Class org.gradle.cache.GlobalCache                                                    : loaded 2 times (x 68B)
Class org.jetbrains.kotlin.idea.gradleTooling.model.lombok.LombokModel                : loaded 2 times (x 68B)
Class org.gradle.tooling.model.ProjectIdentifier                                      : loaded 2 times (x 68B)
Class com.google.common.base.CharMatcher$NegatedFastMatcher                           : loaded 2 times (x 111B)
Class [Lorg.gradle.api.internal.ClassPathProvider;                                    : loaded 2 times (x 67B)
Class com.google.common.util.concurrent.AbstractFuture$SafeAtomicHelper               : loaded 2 times (x 77B)
Class org.gradle.internal.operations.MultipleBuildOperationFailures                   : loaded 2 times (x 85B)
Class org.gradle.util.internal.GUtil                                                  : loaded 2 times (x 69B)
Class org.jetbrains.plugins.gradle.model.AnnotationProcessingModel                    : loaded 2 times (x 68B)
Class com.google.common.math.IntMath                                                  : loaded 2 times (x 69B)
Class com.google.common.collect.AbstractIterator                                      : loaded 2 times (x 80B)
Class org.gradle.internal.classloader.ClassLoaderSpec                                 : loaded 2 times (x 69B)
Class com.google.common.base.NullnessCasts                                            : loaded 2 times (x 69B)
Class org.objectweb.asm.Frame                                                         : loaded 2 times (x 71B)
Class com.google.common.cache.LocalCache$LocalManualCache                             : loaded 2 times (x 97B)
Class com.google.common.collect.AbstractMapEntry                                      : loaded 2 times (x 79B)
Class com.google.common.base.CharMatcher$Negated                                      : loaded 2 times (x 111B)
Class com.google.common.cache.CacheLoader$1                                           : loaded 2 times (x 73B)
Class com.google.common.util.concurrent.AbstractFuture$TrustedFuture                  : loaded 2 times (x 95B)
Class org.jetbrains.plugins.gradle.model.BuildScriptClasspathModel                    : loaded 2 times (x 68B)
Class com.google.common.collect.Sets                                                  : loaded 2 times (x 69B)
Class com.google.common.collect.ImmutableSet$Builder                                  : loaded 2 times (x 83B)
Class com.google.common.base.CharMatcher$ForPredicate                                 : loaded 2 times (x 110B)
Class com.google.common.collect.ImmutableMap$MapViewOfValuesAsSingletonSets           : loaded 2 times (x 123B)
Class com.google.common.base.MoreObjects                                              : loaded 2 times (x 69B)
Class com.google.common.collect.SortedMapDifference                                   : loaded 2 times (x 68B)
Class org.objectweb.asm.SymbolTable                                                   : loaded 2 times (x 70B)
Class [Lorg.objectweb.asm.AnnotationVisitor;                                          : loaded 2 times (x 67B)
Class com.google.common.cache.CacheStats                                              : loaded 2 times (x 69B)
Class org.objectweb.asm.Attribute                                                     : loaded 2 times (x 75B)
Class org.gradle.internal.classloader.VisitableURLClassLoader                         : loaded 2 times (x 114B)
Class com.google.common.cache.LocalCache$LocalLoadingCache                            : loaded 2 times (x 132B)
Class com.google.common.base.Supplier                                                 : loaded 2 times (x 68B)
Class com.google.common.util.concurrent.AbstractFuture$AtomicHelper                   : loaded 2 times (x 76B)
Class com.google.common.collect.ImmutableBiMap                                        : loaded 2 times (x 141B)
Class org.gradle.internal.installation.GradleInstallation                             : loaded 2 times (x 73B)
Class org.gradle.api.internal.ClassPathRegistry                                       : loaded 2 times (x 68B)
Class com.google.common.cache.LocalCache$EntryFactory                                 : loaded 2 times (x 81B)
Class com.google.common.util.concurrent.UncheckedExecutionException                   : loaded 2 times (x 80B)
Class com.google.common.collect.ImmutableSet                                          : loaded 2 times (x 143B)
Class org.gradle.internal.classloader.VisitableURLClassLoader$InstrumentingVisitableURLClassLoader: loaded 2 times (x 120B)
Class org.gradle.internal.classloader.ClassLoaderHierarchy                            : loaded 2 times (x 68B)
Class org.gradle.internal.exceptions.MultiCauseException                              : loaded 2 times (x 68B)
Class org.jetbrains.kotlin.idea.gradleTooling.model.parcelize.ParcelizeGradleModel    : loaded 2 times (x 68B)
Class [Lorg.objectweb.asm.Type;                                                       : loaded 2 times (x 67B)
Class com.google.common.base.AbstractIterator$State                                   : loaded 2 times (x 77B)
Class com.google.common.cache.Weigher                                                 : loaded 2 times (x 68B)
Class com.google.common.base.CharMatcher$NamedFastMatcher                             : loaded 2 times (x 110B)
Class org.gradle.internal.InternalTransformer                                         : loaded 2 times (x 68B)
Class org.jetbrains.kotlin.idea.gradleTooling.model.noarg.NoArgModel                  : loaded 2 times (x 68B)
Class org.jetbrains.kotlin.idea.gradleTooling.KotlinGradleModel                       : loaded 2 times (x 68B)
Class org.gradle.tooling.internal.gradle.DefaultBuildIdentifier                       : loaded 2 times (x 77B)
Class org.gradle.internal.service.ServiceLocator                                      : loaded 2 times (x 68B)
Class Settings_gradle$1                                                               : loaded 2 times (x 72B)
Class com.google.common.util.concurrent.SettableFuture                                : loaded 2 times (x 95B)
Class com.google.common.collect.ImmutableMapEntry                                     : loaded 2 times (x 83B)
Class org.jetbrains.kotlin.idea.gradleTooling.model.allopen.AllOpenModel              : loaded 2 times (x 68B)
Class com.google.common.base.CharMatcher$Invisible                                    : loaded 2 times (x 110B)
Class com.google.common.base.Joiner$1                                                 : loaded 2 times (x 78B)
Class com.google.common.base.Joiner$2                                                 : loaded 2 times (x 77B)
Class com.google.common.base.CharMatcher$FastMatcher                                  : loaded 2 times (x 109B)
Class [Lorg.jetbrains.kotlin.config.LanguageVersion;                                  : loaded 2 times (x 67B)
Class org.gradle.internal.classpath.DefaultClassPath$ImmutableUniqueList              : loaded 2 times (x 159B)
Class org.gradle.internal.time.DefaultTimer                                           : loaded 2 times (x 78B)
Class com.google.common.base.CharMatcher$JavaLetter                                   : loaded 2 times (x 109B)
Class org.gradle.internal.classpath.TransformedClassPath                              : loaded 2 times (x 94B)
Class com.google.common.collect.MapDifference                                         : loaded 2 times (x 68B)
Class org.jetbrains.kotlin.tooling.core.HasExtras                                     : loaded 2 times (x 68B)
Class com.google.common.collect.Sets$1                                                : loaded 2 times (x 137B)
Class com.google.common.collect.Sets$2                                                : loaded 2 times (x 137B)
Class com.google.common.util.concurrent.AbstractFuture$Trusted                        : loaded 2 times (x 68B)
Class com.google.common.collect.Sets$3                                                : loaded 2 times (x 137B)
Class com.google.common.collect.Sets$4                                                : loaded 2 times (x 137B)
Class Settings_gradle                                                                 : loaded 2 times (x 126B)
Class org.objectweb.asm.MethodWriter                                                  : loaded 2 times (x 103B)
Class com.google.common.collect.Platform                                              : loaded 2 times (x 69B)
Class com.google.common.collect.ImmutableAsList                                       : loaded 2 times (x 169B)
Class com.google.common.util.concurrent.ExecutionError                                : loaded 2 times (x 80B)
Class com.google.common.base.Equivalence$Identity                                     : loaded 2 times (x 80B)
Class com.google.common.base.CharMatcher$AnyOf                                        : loaded 2 times (x 110B)
Class com.google.common.base.CharMatcher$IsEither                                     : loaded 2 times (x 109B)
Class com.google.common.cache.LocalCache                                              : loaded 2 times (x 185B)
Class com.google.common.collect.RegularImmutableList                                  : loaded 2 times (x 172B)
Class com.google.common.util.concurrent.AbstractFuture$UnsafeAtomicHelper$1           : loaded 2 times (x 74B)
Class com.google.common.base.CharMatcher$JavaUpperCase                                : loaded 2 times (x 109B)
Class com.google.common.collect.Multiset                                              : loaded 2 times (x 68B)
Class com.google.common.collect.ImmutableSet$CachingAsList                            : loaded 2 times (x 145B)
Class org.objectweb.asm.MethodVisitor                                                 : loaded 2 times (x 102B)
Class com.google.common.collect.ImmutableMapEntry$NonTerminalImmutableMapEntry        : loaded 2 times (x 83B)
Class com.google.common.collect.AbstractMapBasedMultimap                              : loaded 2 times (x 137B)


---------------  S Y S T E M  ---------------

OS:
 Windows 10 , 64 bit Build 19041 (10.0.19041.5915)
OS uptime: 0 days 1:09 hours
Hyper-V role detected

CPU: total 4 (initial active 4) (4 cores per cpu, 1 threads per core) family 6 model 158 stepping 9 microcode 0xb4, cx8, cmov, fxsr, mmx, 3dnowpref, sse, sse2, sse3, ssse3, sse4.1, sse4.2, popcnt, lzcnt, tsc, tscinvbit, avx, avx2, aes, erms, clmul, bmi1, bmi2, adx, fma, vzeroupper, clflush, clflushopt, hv

Memory: 4k page, system-wide physical 16320M (7690M free)
TotalPageFile size 23744M (AvailPageFile size 12762M)
current process WorkingSet (physical memory assigned to process): 402M, peak: 402M
current process commit charge ("private bytes"): 429M, peak: 429M

vm_info: OpenJDK 64-Bit Server VM (17.0.7+0-b2043.56-10550314) for windows-amd64 JRE (17.0.7+0-b2043.56-10550314), built on Jul 24 2023 18:27:45 by "androidbuild" with MS VC++ 16.10 / 16.11 (VS2019)

END.
